action_id,employee_id,action_type,action_description,assigned_by,created_date,due_date,status,outcome,effectiveness_score
1,111065,salary_review,Salary Review scheduled for Employee 111065,HR Manager,2025-07-11,2025-09-06,in_progress,,
2,111065,salary_review,Salary Review scheduled for Employee 111065,Team Lead,2024-10-11,2024-11-16,pending,,
3,106080,salary_review,Salary Review scheduled for Employee 106080,Project Manager,2024-12-24,2025-02-15,in_progress,,
4,106080,retention_meeting,Retention Meeting scheduled for Employee 106080,Team Lead,2024-11-09,2024-11-27,completed,Retention Meeting completed successfully,3
5,106452,salary_review,Salary Review scheduled for Employee 106452,HR Manager,2025-05-05,2025-06-21,in_progress,,
6,106452,retention_meeting,Retention Meeting scheduled for Employee 106452,HR Manager,2025-04-20,2025-05-06,in_progress,,
7,106325,retention_meeting,Retention Meeting scheduled for Employee 106325,Team Lead,2024-12-21,2025-02-10,in_progress,,
8,111171,salary_review,Salary Review scheduled for Employee 111171,HR Manager,2025-06-11,2025-07-17,in_progress,,
9,111171,salary_review,Salary Review scheduled for Employee 111171,Project Manager,2025-03-05,2025-04-17,in_progress,,
10,106419,training_assigned,Training Assigned scheduled for Employee 106419,Team Lead,2025-03-31,2025-05-19,in_progress,,
11,100309,salary_review,Salary Review scheduled for Employee 100309,HR Manager,2025-03-09,2025-05-04,in_progress,,
12,110500,training_assigned,Training Assigned scheduled for Employee 110500,Project Manager,2025-07-29,2025-08-09,completed,Training Assigned completed successfully,3
13,110500,retention_meeting,Retention Meeting scheduled for Employee 110500,HR Manager,2024-10-15,2024-11-27,pending,,
14,110500,retention_meeting,Retention Meeting scheduled for Employee 110500,HR Manager,2025-07-21,2025-08-16,completed,Retention Meeting completed successfully,4
15,110533,training_assigned,Training Assigned scheduled for Employee 110533,Project Manager,2025-06-10,2025-07-15,pending,,
16,110927,retention_meeting,Retention Meeting scheduled for Employee 110927,HR Manager,2025-05-11,2025-07-09,completed,Retention Meeting completed successfully,3
17,105548,training_assigned,Training Assigned scheduled for Employee 105548,HR Manager,2025-01-15,2025-03-16,pending,,
18,111354,training_assigned,Training Assigned scheduled for Employee 111354,HR Manager,2025-02-01,2025-02-10,pending,,
19,111354,salary_review,Salary Review scheduled for Employee 111354,HR Manager,2024-12-31,2025-02-21,completed,Salary Review completed successfully,2
20,100895,salary_review,Salary Review scheduled for Employee 100895,HR Manager,2024-11-12,2024-12-08,completed,Salary Review completed successfully,2
21,110783,salary_review,Salary Review scheduled for Employee 110783,Project Manager,2025-03-26,2025-04-15,pending,,
22,110783,retention_meeting,Retention Meeting scheduled for Employee 110783,Delivery Head,2024-10-15,2024-10-24,pending,,
23,105507,salary_review,Salary Review scheduled for Employee 105507,Project Manager,2025-03-25,2025-04-03,pending,,
24,105507,salary_review,Salary Review scheduled for Employee 105507,HR Manager,2024-08-15,2024-09-23,completed,Salary Review completed successfully,5
25,106710,training_assigned,Training Assigned scheduled for Employee 106710,HR Manager,2024-10-12,2024-12-04,completed,Training Assigned completed successfully,2
26,106710,salary_review,Salary Review scheduled for Employee 106710,Delivery Head,2025-04-21,2025-05-06,completed,Salary Review completed successfully,5
27,101236,training_assigned,Training Assigned scheduled for Employee 101236,Project Manager,2024-08-30,2024-09-11,pending,,
28,105985,salary_review,Salary Review scheduled for Employee 105985,Delivery Head,2024-09-09,2024-10-23,in_progress,,
29,105985,salary_review,Salary Review scheduled for Employee 105985,Delivery Head,2025-07-20,2025-08-31,pending,,
30,111202,retention_meeting,Retention Meeting scheduled for Employee 111202,Team Lead,2025-07-30,2025-09-07,completed,Retention Meeting completed successfully,5
31,111202,salary_review,Salary Review scheduled for Employee 111202,HR Manager,2025-05-01,2025-05-10,in_progress,,
32,100621,salary_review,Salary Review scheduled for Employee 100621,Delivery Head,2025-03-18,2025-04-27,pending,,
33,100621,retention_meeting,Retention Meeting scheduled for Employee 100621,Delivery Head,2025-03-01,2025-03-20,completed,Retention Meeting completed successfully,3
34,100301,training_assigned,Training Assigned scheduled for Employee 100301,HR Manager,2025-04-30,2025-05-07,in_progress,,
35,100301,training_assigned,Training Assigned scheduled for Employee 100301,Project Manager,2024-12-12,2025-01-31,completed,Training Assigned completed successfully,4
36,101120,retention_meeting,Retention Meeting scheduled for Employee 101120,Project Manager,2025-02-28,2025-03-25,pending,,
37,101124,salary_review,Salary Review scheduled for Employee 101124,Delivery Head,2025-05-20,2025-07-01,completed,Salary Review completed successfully,5
38,101124,retention_meeting,Retention Meeting scheduled for Employee 101124,Delivery Head,2024-12-25,2025-01-09,pending,,
39,110788,retention_meeting,Retention Meeting scheduled for Employee 110788,Project Manager,2025-02-23,2025-03-10,completed,Retention Meeting completed successfully,2
40,110788,retention_meeting,Retention Meeting scheduled for Employee 110788,HR Manager,2025-05-03,2025-06-12,pending,,
41,105394,retention_meeting,Retention Meeting scheduled for Employee 105394,Team Lead,2025-03-01,2025-03-22,in_progress,,
42,105394,training_assigned,Training Assigned scheduled for Employee 105394,HR Manager,2025-04-30,2025-05-11,completed,Training Assigned completed successfully,2
43,105394,salary_review,Salary Review scheduled for Employee 105394,Delivery Head,2025-01-07,2025-01-31,completed,Salary Review completed successfully,2
44,101226,training_assigned,Training Assigned scheduled for Employee 101226,Project Manager,2025-02-18,2025-04-14,in_progress,,
45,101226,training_assigned,Training Assigned scheduled for Employee 101226,Delivery Head,2024-11-23,2025-01-02,completed,Training Assigned completed successfully,3
46,101226,retention_meeting,Retention Meeting scheduled for Employee 101226,Project Manager,2025-07-11,2025-07-20,in_progress,,
47,105911,training_assigned,Training Assigned scheduled for Employee 105911,HR Manager,2025-04-16,2025-04-23,in_progress,,
48,105911,training_assigned,Training Assigned scheduled for Employee 105911,Project Manager,2024-09-18,2024-10-22,pending,,
49,110566,salary_review,Salary Review scheduled for Employee 110566,HR Manager,2025-08-12,2025-08-25,pending,,
50,110566,retention_meeting,Retention Meeting scheduled for Employee 110566,Delivery Head,2025-03-10,2025-04-14,pending,,
51,106577,training_assigned,Training Assigned scheduled for Employee 106577,Delivery Head,2024-10-16,2024-10-27,in_progress,,
52,106577,training_assigned,Training Assigned scheduled for Employee 106577,Team Lead,2025-07-10,2025-08-15,completed,Training Assigned completed successfully,3
53,106577,salary_review,Salary Review scheduled for Employee 106577,Delivery Head,2025-04-20,2025-06-13,in_progress,,
54,106473,salary_review,Salary Review scheduled for Employee 106473,HR Manager,2024-09-11,2024-10-06,pending,,
55,100603,salary_review,Salary Review scheduled for Employee 100603,Delivery Head,2024-12-19,2025-01-06,in_progress,,
56,106411,training_assigned,Training Assigned scheduled for Employee 106411,Delivery Head,2025-04-23,2025-05-09,completed,Training Assigned completed successfully,5
57,106411,retention_meeting,Retention Meeting scheduled for Employee 106411,Delivery Head,2025-06-02,2025-06-28,pending,,
58,100730,retention_meeting,Retention Meeting scheduled for Employee 100730,Team Lead,2025-02-03,2025-03-23,in_progress,,
59,106540,salary_review,Salary Review scheduled for Employee 106540,HR Manager,2025-01-03,2025-02-01,pending,,
60,106540,salary_review,Salary Review scheduled for Employee 106540,Delivery Head,2025-05-06,2025-05-27,completed,Salary Review completed successfully,4
61,106529,salary_review,Salary Review scheduled for Employee 106529,Team Lead,2025-06-12,2025-08-10,pending,,
62,106529,training_assigned,Training Assigned scheduled for Employee 106529,Team Lead,2025-08-11,2025-10-10,pending,,
63,110848,salary_review,Salary Review scheduled for Employee 110848,Project Manager,2024-08-26,2024-10-12,in_progress,,
64,110848,salary_review,Salary Review scheduled for Employee 110848,Team Lead,2025-01-16,2025-02-23,completed,Salary Review completed successfully,4
65,105437,salary_review,Salary Review scheduled for Employee 105437,HR Manager,2025-04-18,2025-04-27,completed,Salary Review completed successfully,5
66,110342,training_assigned,Training Assigned scheduled for Employee 110342,Project Manager,2025-06-24,2025-07-09,in_progress,,
67,110552,salary_review,Salary Review scheduled for Employee 110552,Project Manager,2025-05-22,2025-05-30,completed,Salary Review completed successfully,3
68,111140,retention_meeting,Retention Meeting scheduled for Employee 111140,Delivery Head,2025-03-20,2025-04-06,completed,Retention Meeting completed successfully,3
69,100373,retention_meeting,Retention Meeting scheduled for Employee 100373,Project Manager,2025-05-25,2025-06-23,completed,Retention Meeting completed successfully,2
70,100373,salary_review,Salary Review scheduled for Employee 100373,HR Manager,2025-06-20,2025-08-03,pending,,
71,100373,retention_meeting,Retention Meeting scheduled for Employee 100373,Project Manager,2025-07-25,2025-09-08,in_progress,,
72,106561,salary_review,Salary Review scheduled for Employee 106561,Delivery Head,2025-02-20,2025-04-12,pending,,
73,106561,retention_meeting,Retention Meeting scheduled for Employee 106561,HR Manager,2024-12-01,2025-01-25,in_progress,,
74,110363,salary_review,Salary Review scheduled for Employee 110363,HR Manager,2024-11-13,2024-12-27,completed,Salary Review completed successfully,1
75,110363,retention_meeting,Retention Meeting scheduled for Employee 110363,Team Lead,2024-09-01,2024-10-10,in_progress,,
76,110363,training_assigned,Training Assigned scheduled for Employee 110363,Project Manager,2024-09-01,2024-10-16,in_progress,,
77,101682,salary_review,Salary Review scheduled for Employee 101682,Team Lead,2024-11-18,2024-11-25,completed,Salary Review completed successfully,2
78,105543,retention_meeting,Retention Meeting scheduled for Employee 105543,Project Manager,2024-11-25,2024-12-30,pending,,
79,101626,training_assigned,Training Assigned scheduled for Employee 101626,Delivery Head,2024-08-20,2024-08-29,in_progress,,
80,101626,retention_meeting,Retention Meeting scheduled for Employee 101626,Delivery Head,2025-08-02,2025-09-11,pending,,
81,101626,retention_meeting,Retention Meeting scheduled for Employee 101626,Team Lead,2025-05-02,2025-05-18,pending,,
82,110505,training_assigned,Training Assigned scheduled for Employee 110505,Team Lead,2025-06-17,2025-07-03,pending,,
83,110505,retention_meeting,Retention Meeting scheduled for Employee 110505,Team Lead,2025-02-21,2025-03-05,pending,,
84,110505,salary_review,Salary Review scheduled for Employee 110505,Delivery Head,2024-09-06,2024-10-30,in_progress,,
85,106141,training_assigned,Training Assigned scheduled for Employee 106141,Delivery Head,2025-03-18,2025-04-29,completed,Training Assigned completed successfully,1
86,106141,salary_review,Salary Review scheduled for Employee 106141,Team Lead,2025-02-16,2025-03-07,completed,Salary Review completed successfully,1
87,111250,training_assigned,Training Assigned scheduled for Employee 111250,HR Manager,2025-06-28,2025-08-22,completed,Training Assigned completed successfully,5
88,111250,retention_meeting,Retention Meeting scheduled for Employee 111250,Team Lead,2024-08-18,2024-10-08,pending,,
89,111250,salary_review,Salary Review scheduled for Employee 111250,Project Manager,2024-08-20,2024-08-28,in_progress,,
90,105390,salary_review,Salary Review scheduled for Employee 105390,Project Manager,2025-06-20,2025-07-18,pending,,
91,105390,retention_meeting,Retention Meeting scheduled for Employee 105390,HR Manager,2025-07-17,2025-08-12,completed,Retention Meeting completed successfully,4
92,105390,retention_meeting,Retention Meeting scheduled for Employee 105390,Delivery Head,2025-04-08,2025-05-16,in_progress,,
93,100381,training_assigned,Training Assigned scheduled for Employee 100381,HR Manager,2025-07-20,2025-08-25,completed,Training Assigned completed successfully,4
94,100381,retention_meeting,Retention Meeting scheduled for Employee 100381,Delivery Head,2025-07-27,2025-09-02,pending,,
95,105634,salary_review,Salary Review scheduled for Employee 105634,HR Manager,2024-11-24,2025-01-22,completed,Salary Review completed successfully,4
96,105634,retention_meeting,Retention Meeting scheduled for Employee 105634,Project Manager,2025-06-07,2025-07-07,completed,Retention Meeting completed successfully,4
97,100826,retention_meeting,Retention Meeting scheduled for Employee 100826,Project Manager,2024-12-05,2024-12-15,completed,Retention Meeting completed successfully,1
98,100826,training_assigned,Training Assigned scheduled for Employee 100826,HR Manager,2025-08-06,2025-08-31,pending,,
99,110407,training_assigned,Training Assigned scheduled for Employee 110407,HR Manager,2025-07-07,2025-08-31,pending,,
100,101188,salary_review,Salary Review scheduled for Employee 101188,Team Lead,2025-04-08,2025-04-22,in_progress,,
101,101188,salary_review,Salary Review scheduled for Employee 101188,Delivery Head,2024-09-19,2024-10-24,completed,Salary Review completed successfully,5
102,105820,salary_review,Salary Review scheduled for Employee 105820,HR Manager,2025-05-02,2025-05-25,in_progress,,
103,105820,training_assigned,Training Assigned scheduled for Employee 105820,HR Manager,2024-09-30,2024-10-07,pending,,
104,105820,retention_meeting,Retention Meeting scheduled for Employee 105820,HR Manager,2024-08-15,2024-09-11,completed,Retention Meeting completed successfully,1
105,111184,retention_meeting,Retention Meeting scheduled for Employee 111184,Project Manager,2025-04-09,2025-04-22,pending,,
106,111302,training_assigned,Training Assigned scheduled for Employee 111302,HR Manager,2025-02-24,2025-04-04,pending,,
107,111302,salary_review,Salary Review scheduled for Employee 111302,Project Manager,2025-05-28,2025-07-10,completed,Salary Review completed successfully,2
108,111533,salary_review,Salary Review scheduled for Employee 111533,Project Manager,2025-01-28,2025-02-20,completed,Salary Review completed successfully,2
109,106660,retention_meeting,Retention Meeting scheduled for Employee 106660,Team Lead,2024-11-06,2024-12-08,completed,Retention Meeting completed successfully,4
110,106660,salary_review,Salary Review scheduled for Employee 106660,Project Manager,2024-11-20,2024-12-17,completed,Salary Review completed successfully,5
111,106660,salary_review,Salary Review scheduled for Employee 106660,HR Manager,2024-12-16,2025-01-03,in_progress,,
112,105937,salary_review,Salary Review scheduled for Employee 105937,Delivery Head,2025-06-17,2025-07-11,in_progress,,
113,105937,salary_review,Salary Review scheduled for Employee 105937,Delivery Head,2024-09-04,2024-10-07,completed,Salary Review completed successfully,2
114,105937,retention_meeting,Retention Meeting scheduled for Employee 105937,Delivery Head,2024-12-30,2025-01-19,pending,,
115,101053,training_assigned,Training Assigned scheduled for Employee 101053,HR Manager,2025-04-21,2025-06-16,pending,,
116,111692,training_assigned,Training Assigned scheduled for Employee 111692,Team Lead,2025-03-07,2025-03-16,completed,Training Assigned completed successfully,1
117,111692,salary_review,Salary Review scheduled for Employee 111692,HR Manager,2025-01-04,2025-01-15,in_progress,,
118,111397,retention_meeting,Retention Meeting scheduled for Employee 111397,Project Manager,2025-04-24,2025-05-16,completed,Retention Meeting completed successfully,4
119,111397,salary_review,Salary Review scheduled for Employee 111397,HR Manager,2025-06-17,2025-08-07,completed,Salary Review completed successfully,3
120,111397,training_assigned,Training Assigned scheduled for Employee 111397,HR Manager,2024-09-27,2024-10-11,in_progress,,
121,100674,salary_review,Salary Review scheduled for Employee 100674,HR Manager,2025-05-24,2025-06-24,in_progress,,
122,100674,salary_review,Salary Review scheduled for Employee 100674,HR Manager,2025-03-25,2025-05-21,pending,,
123,100674,retention_meeting,Retention Meeting scheduled for Employee 100674,HR Manager,2024-10-18,2024-11-18,pending,,
124,110454,salary_review,Salary Review scheduled for Employee 110454,Delivery Head,2024-12-26,2025-02-04,pending,,
125,110454,retention_meeting,Retention Meeting scheduled for Employee 110454,Team Lead,2024-11-14,2024-12-31,pending,,
126,110454,retention_meeting,Retention Meeting scheduled for Employee 110454,Project Manager,2025-04-03,2025-05-25,pending,,
127,100769,salary_review,Salary Review scheduled for Employee 100769,HR Manager,2025-03-21,2025-05-13,in_progress,,
128,100769,salary_review,Salary Review scheduled for Employee 100769,Team Lead,2024-09-29,2024-11-16,in_progress,,
129,105779,training_assigned,Training Assigned scheduled for Employee 105779,HR Manager,2024-12-31,2025-01-11,completed,Training Assigned completed successfully,5
130,105779,retention_meeting,Retention Meeting scheduled for Employee 105779,Team Lead,2025-03-20,2025-04-17,completed,Retention Meeting completed successfully,3
131,110642,salary_review,Salary Review scheduled for Employee 110642,Delivery Head,2025-04-23,2025-06-02,completed,Salary Review completed successfully,2
132,110524,retention_meeting,Retention Meeting scheduled for Employee 110524,Team Lead,2025-06-19,2025-06-29,pending,,
133,110524,training_assigned,Training Assigned scheduled for Employee 110524,Project Manager,2025-02-24,2025-04-20,completed,Training Assigned completed successfully,3
134,106501,training_assigned,Training Assigned scheduled for Employee 106501,Delivery Head,2025-03-01,2025-04-18,in_progress,,
135,106501,salary_review,Salary Review scheduled for Employee 106501,Team Lead,2024-12-23,2025-01-24,in_progress,,
136,105688,retention_meeting,Retention Meeting scheduled for Employee 105688,Project Manager,2025-05-20,2025-07-09,completed,Retention Meeting completed successfully,1
137,110612,retention_meeting,Retention Meeting scheduled for Employee 110612,Delivery Head,2024-09-26,2024-11-07,pending,,
138,110478,salary_review,Salary Review scheduled for Employee 110478,Team Lead,2025-05-01,2025-05-15,pending,,
139,105370,training_assigned,Training Assigned scheduled for Employee 105370,Delivery Head,2024-09-01,2024-09-28,completed,Training Assigned completed successfully,4
140,105370,retention_meeting,Retention Meeting scheduled for Employee 105370,Delivery Head,2025-01-27,2025-03-15,in_progress,,
141,105370,salary_review,Salary Review scheduled for Employee 105370,HR Manager,2024-11-29,2025-01-08,in_progress,,
142,100852,salary_review,Salary Review scheduled for Employee 100852,Delivery Head,2024-08-27,2024-09-10,in_progress,,
143,106462,retention_meeting,Retention Meeting scheduled for Employee 106462,Delivery Head,2025-02-02,2025-03-24,in_progress,,
144,106462,retention_meeting,Retention Meeting scheduled for Employee 106462,Team Lead,2025-06-30,2025-07-08,in_progress,,
145,106462,training_assigned,Training Assigned scheduled for Employee 106462,HR Manager,2025-07-07,2025-07-24,pending,,
146,101163,salary_review,Salary Review scheduled for Employee 101163,Team Lead,2025-06-09,2025-07-20,pending,,
147,101163,retention_meeting,Retention Meeting scheduled for Employee 101163,HR Manager,2025-01-29,2025-02-27,completed,Retention Meeting completed successfully,5
148,110312,salary_review,Salary Review scheduled for Employee 110312,Project Manager,2025-03-11,2025-04-19,in_progress,,
149,110312,training_assigned,Training Assigned scheduled for Employee 110312,Team Lead,2025-06-09,2025-07-17,in_progress,,
150,110312,salary_review,Salary Review scheduled for Employee 110312,Delivery Head,2025-08-01,2025-09-10,in_progress,,
151,100942,salary_review,Salary Review scheduled for Employee 100942,HR Manager,2025-02-26,2025-04-23,completed,Salary Review completed successfully,2
152,100942,training_assigned,Training Assigned scheduled for Employee 100942,HR Manager,2024-09-25,2024-11-09,in_progress,,
153,100942,retention_meeting,Retention Meeting scheduled for Employee 100942,Team Lead,2025-06-29,2025-08-11,in_progress,,
154,106620,training_assigned,Training Assigned scheduled for Employee 106620,Project Manager,2024-10-07,2024-11-23,in_progress,,
155,106620,salary_review,Salary Review scheduled for Employee 106620,Team Lead,2025-05-10,2025-05-20,in_progress,,
156,106620,training_assigned,Training Assigned scheduled for Employee 106620,Project Manager,2025-08-10,2025-09-23,in_progress,,
157,105538,salary_review,Salary Review scheduled for Employee 105538,HR Manager,2024-10-10,2024-11-19,completed,Salary Review completed successfully,3
158,100515,retention_meeting,Retention Meeting scheduled for Employee 100515,Project Manager,2025-07-20,2025-09-12,in_progress,,
159,106245,training_assigned,Training Assigned scheduled for Employee 106245,Team Lead,2025-07-23,2025-08-26,completed,Training Assigned completed successfully,1
160,110699,retention_meeting,Retention Meeting scheduled for Employee 110699,Team Lead,2025-06-21,2025-07-01,pending,,
161,105678,salary_review,Salary Review scheduled for Employee 105678,Team Lead,2024-12-19,2025-01-10,in_progress,,
162,111089,training_assigned,Training Assigned scheduled for Employee 111089,Delivery Head,2024-08-28,2024-10-14,pending,,
163,110423,retention_meeting,Retention Meeting scheduled for Employee 110423,Team Lead,2025-07-18,2025-08-20,completed,Retention Meeting completed successfully,3
164,110423,retention_meeting,Retention Meeting scheduled for Employee 110423,Project Manager,2024-09-16,2024-10-30,pending,,
165,110646,training_assigned,Training Assigned scheduled for Employee 110646,Project Manager,2025-03-03,2025-04-07,in_progress,,
166,105419,retention_meeting,Retention Meeting scheduled for Employee 105419,HR Manager,2025-05-27,2025-06-14,in_progress,,
167,105419,salary_review,Salary Review scheduled for Employee 105419,HR Manager,2024-10-30,2024-12-16,in_progress,,
168,105419,retention_meeting,Retention Meeting scheduled for Employee 105419,HR Manager,2025-07-03,2025-07-15,in_progress,,
169,100597,training_assigned,Training Assigned scheduled for Employee 100597,Team Lead,2025-02-05,2025-03-01,completed,Training Assigned completed successfully,2
170,100992,salary_review,Salary Review scheduled for Employee 100992,Team Lead,2024-10-28,2024-11-23,completed,Salary Review completed successfully,5
171,101306,retention_meeting,Retention Meeting scheduled for Employee 101306,Project Manager,2024-10-28,2024-11-08,pending,,
172,101306,salary_review,Salary Review scheduled for Employee 101306,Delivery Head,2024-12-08,2025-01-05,pending,,
173,100919,retention_meeting,Retention Meeting scheduled for Employee 100919,Delivery Head,2025-08-14,2025-09-14,completed,Retention Meeting completed successfully,5
174,106638,training_assigned,Training Assigned scheduled for Employee 106638,Project Manager,2025-04-17,2025-04-29,pending,,
175,106638,retention_meeting,Retention Meeting scheduled for Employee 106638,Project Manager,2025-07-22,2025-07-29,completed,Retention Meeting completed successfully,5
176,105429,retention_meeting,Retention Meeting scheduled for Employee 105429,HR Manager,2025-08-11,2025-09-22,completed,Retention Meeting completed successfully,5
177,110932,salary_review,Salary Review scheduled for Employee 110932,Team Lead,2024-09-18,2024-10-25,in_progress,,
178,110932,salary_review,Salary Review scheduled for Employee 110932,Delivery Head,2025-04-02,2025-04-19,in_progress,,
179,110932,retention_meeting,Retention Meeting scheduled for Employee 110932,Project Manager,2025-01-02,2025-02-13,completed,Retention Meeting completed successfully,4
180,100760,salary_review,Salary Review scheduled for Employee 100760,HR Manager,2025-04-20,2025-06-15,completed,Salary Review completed successfully,3
181,100639,salary_review,Salary Review scheduled for Employee 100639,Delivery Head,2025-01-06,2025-02-10,completed,Salary Review completed successfully,1
182,111049,retention_meeting,Retention Meeting scheduled for Employee 111049,HR Manager,2025-04-10,2025-05-04,pending,,
183,111049,retention_meeting,Retention Meeting scheduled for Employee 111049,Project Manager,2025-07-11,2025-08-04,in_progress,,
184,111157,salary_review,Salary Review scheduled for Employee 111157,Delivery Head,2025-05-31,2025-07-06,in_progress,,
185,100957,retention_meeting,Retention Meeting scheduled for Employee 100957,Project Manager,2024-10-06,2024-12-02,in_progress,,
186,100957,salary_review,Salary Review scheduled for Employee 100957,Delivery Head,2025-03-02,2025-03-10,in_progress,,
187,100957,training_assigned,Training Assigned scheduled for Employee 100957,HR Manager,2025-07-24,2025-09-15,in_progress,,
188,111083,salary_review,Salary Review scheduled for Employee 111083,Team Lead,2024-10-08,2024-11-12,pending,,
189,111083,salary_review,Salary Review scheduled for Employee 111083,Team Lead,2025-02-12,2025-03-13,completed,Salary Review completed successfully,4
190,111083,salary_review,Salary Review scheduled for Employee 111083,Team Lead,2024-11-19,2024-12-09,pending,,
191,110793,training_assigned,Training Assigned scheduled for Employee 110793,Project Manager,2024-11-09,2024-12-05,in_progress,,
192,110793,training_assigned,Training Assigned scheduled for Employee 110793,Team Lead,2024-12-23,2025-01-12,in_progress,,
193,110793,retention_meeting,Retention Meeting scheduled for Employee 110793,Project Manager,2025-07-22,2025-08-24,completed,Retention Meeting completed successfully,5
194,105969,retention_meeting,Retention Meeting scheduled for Employee 105969,HR Manager,2025-05-27,2025-07-16,completed,Retention Meeting completed successfully,5
195,111235,training_assigned,Training Assigned scheduled for Employee 111235,Project Manager,2025-02-18,2025-03-10,pending,,
196,111235,retention_meeting,Retention Meeting scheduled for Employee 111235,Project Manager,2025-01-31,2025-02-07,pending,,
197,111235,salary_review,Salary Review scheduled for Employee 111235,Team Lead,2024-08-24,2024-09-10,completed,Salary Review completed successfully,1
198,101192,salary_review,Salary Review scheduled for Employee 101192,Project Manager,2024-10-31,2024-12-18,completed,Salary Review completed successfully,1
199,101192,salary_review,Salary Review scheduled for Employee 101192,HR Manager,2025-07-01,2025-07-24,in_progress,,
200,100610,retention_meeting,Retention Meeting scheduled for Employee 100610,HR Manager,2025-06-01,2025-07-20,in_progress,,
201,100610,salary_review,Salary Review scheduled for Employee 100610,HR Manager,2024-09-23,2024-11-15,in_progress,,
202,111209,training_assigned,Training Assigned scheduled for Employee 111209,Team Lead,2025-04-11,2025-04-26,in_progress,,
203,100350,retention_meeting,Retention Meeting scheduled for Employee 100350,Team Lead,2024-10-28,2024-12-08,pending,,
204,110652,training_assigned,Training Assigned scheduled for Employee 110652,Team Lead,2025-03-26,2025-04-25,completed,Training Assigned completed successfully,5
205,110652,salary_review,Salary Review scheduled for Employee 110652,HR Manager,2024-10-27,2024-11-12,pending,,
206,110652,salary_review,Salary Review scheduled for Employee 110652,Delivery Head,2025-06-08,2025-07-29,pending,,
207,101407,training_assigned,Training Assigned scheduled for Employee 101407,Team Lead,2025-07-29,2025-08-21,completed,Training Assigned completed successfully,4
208,101389,salary_review,Salary Review scheduled for Employee 101389,Project Manager,2024-08-21,2024-09-24,pending,,
209,111290,salary_review,Salary Review scheduled for Employee 111290,Team Lead,2025-08-14,2025-08-23,pending,,
210,101037,salary_review,Salary Review scheduled for Employee 101037,Project Manager,2024-09-14,2024-10-04,in_progress,,
211,101037,salary_review,Salary Review scheduled for Employee 101037,Delivery Head,2025-03-20,2025-04-05,in_progress,,
212,106436,training_assigned,Training Assigned scheduled for Employee 106436,Team Lead,2025-08-10,2025-10-06,pending,,
213,105558,training_assigned,Training Assigned scheduled for Employee 105558,Project Manager,2025-02-18,2025-03-04,completed,Training Assigned completed successfully,3
214,105558,training_assigned,Training Assigned scheduled for Employee 105558,HR Manager,2025-05-23,2025-07-18,pending,,
215,101331,retention_meeting,Retention Meeting scheduled for Employee 101331,Team Lead,2024-11-11,2024-11-18,in_progress,,
216,106599,salary_review,Salary Review scheduled for Employee 106599,Delivery Head,2025-07-31,2025-08-09,in_progress,,
217,106599,retention_meeting,Retention Meeting scheduled for Employee 106599,HR Manager,2025-08-05,2025-08-24,completed,Retention Meeting completed successfully,5
218,106697,salary_review,Salary Review scheduled for Employee 106697,HR Manager,2024-12-03,2025-01-10,in_progress,,
219,106697,retention_meeting,Retention Meeting scheduled for Employee 106697,Team Lead,2025-04-23,2025-06-09,completed,Retention Meeting completed successfully,4
220,101264,salary_review,Salary Review scheduled for Employee 101264,Team Lead,2024-10-08,2024-11-26,pending,,
221,101264,retention_meeting,Retention Meeting scheduled for Employee 101264,Team Lead,2024-08-20,2024-09-29,in_progress,,
222,101264,retention_meeting,Retention Meeting scheduled for Employee 101264,HR Manager,2024-10-26,2024-12-23,pending,,
223,105488,training_assigned,Training Assigned scheduled for Employee 105488,Delivery Head,2025-04-22,2025-05-10,completed,Training Assigned completed successfully,4
224,105488,salary_review,Salary Review scheduled for Employee 105488,HR Manager,2025-03-24,2025-05-12,in_progress,,
225,111373,salary_review,Salary Review scheduled for Employee 111373,Team Lead,2024-10-18,2024-11-23,pending,,
226,111373,training_assigned,Training Assigned scheduled for Employee 111373,Project Manager,2024-11-10,2024-12-13,in_progress,,
227,111373,training_assigned,Training Assigned scheduled for Employee 111373,HR Manager,2025-01-10,2025-03-07,completed,Training Assigned completed successfully,3
228,100398,retention_meeting,Retention Meeting scheduled for Employee 100398,Team Lead,2024-11-30,2025-01-04,pending,,
229,100398,salary_review,Salary Review scheduled for Employee 100398,Team Lead,2025-05-14,2025-06-02,pending,,
230,111266,retention_meeting,Retention Meeting scheduled for Employee 111266,Team Lead,2025-02-22,2025-03-18,in_progress,,
231,111266,training_assigned,Training Assigned scheduled for Employee 111266,Project Manager,2025-06-30,2025-08-19,in_progress,,
232,111266,training_assigned,Training Assigned scheduled for Employee 111266,Team Lead,2024-09-02,2024-09-12,completed,Training Assigned completed successfully,1
233,106608,retention_meeting,Retention Meeting scheduled for Employee 106608,Team Lead,2025-01-17,2025-01-31,in_progress,,
234,106608,retention_meeting,Retention Meeting scheduled for Employee 106608,Delivery Head,2025-06-06,2025-07-20,pending,,
235,100899,salary_review,Salary Review scheduled for Employee 100899,Project Manager,2025-05-20,2025-06-15,pending,,
236,100899,retention_meeting,Retention Meeting scheduled for Employee 100899,Delivery Head,2025-01-10,2025-02-27,in_progress,,
237,101662,salary_review,Salary Review scheduled for Employee 101662,Team Lead,2024-11-09,2024-12-10,in_progress,,
238,101662,salary_review,Salary Review scheduled for Employee 101662,HR Manager,2025-07-21,2025-09-11,in_progress,,
239,111427,retention_meeting,Retention Meeting scheduled for Employee 111427,Project Manager,2025-06-05,2025-08-04,completed,Retention Meeting completed successfully,4
240,111427,retention_meeting,Retention Meeting scheduled for Employee 111427,Team Lead,2025-05-23,2025-06-12,in_progress,,
241,105592,retention_meeting,Retention Meeting scheduled for Employee 105592,HR Manager,2025-01-25,2025-02-11,completed,Retention Meeting completed successfully,1
242,105592,training_assigned,Training Assigned scheduled for Employee 105592,Team Lead,2024-11-21,2024-12-28,completed,Training Assigned completed successfully,2
243,111366,retention_meeting,Retention Meeting scheduled for Employee 111366,Team Lead,2024-12-09,2025-01-18,in_progress,,
244,105986,retention_meeting,Retention Meeting scheduled for Employee 105986,Team Lead,2025-06-25,2025-07-22,completed,Retention Meeting completed successfully,3
245,105986,retention_meeting,Retention Meeting scheduled for Employee 105986,Project Manager,2025-06-18,2025-08-14,completed,Retention Meeting completed successfully,1
246,105986,retention_meeting,Retention Meeting scheduled for Employee 105986,Team Lead,2025-07-04,2025-08-07,in_progress,,
247,110774,salary_review,Salary Review scheduled for Employee 110774,HR Manager,2025-05-17,2025-06-07,pending,,
248,110774,salary_review,Salary Review scheduled for Employee 110774,Delivery Head,2025-01-15,2025-03-01,pending,,
249,110774,retention_meeting,Retention Meeting scheduled for Employee 110774,HR Manager,2025-02-03,2025-03-10,completed,Retention Meeting completed successfully,4
250,101510,salary_review,Salary Review scheduled for Employee 101510,Project Manager,2025-02-08,2025-04-09,in_progress,,
251,106109,training_assigned,Training Assigned scheduled for Employee 106109,HR Manager,2025-07-14,2025-07-30,in_progress,,
252,106109,training_assigned,Training Assigned scheduled for Employee 106109,Project Manager,2025-06-23,2025-07-07,completed,Training Assigned completed successfully,4
253,111569,training_assigned,Training Assigned scheduled for Employee 111569,Project Manager,2025-05-18,2025-06-27,in_progress,,
254,111569,training_assigned,Training Assigned scheduled for Employee 111569,HR Manager,2024-11-28,2025-01-13,completed,Training Assigned completed successfully,5
255,111569,salary_review,Salary Review scheduled for Employee 111569,HR Manager,2024-11-04,2024-12-01,completed,Salary Review completed successfully,4
256,105734,training_assigned,Training Assigned scheduled for Employee 105734,Project Manager,2025-06-10,2025-07-11,in_progress,,
257,105734,training_assigned,Training Assigned scheduled for Employee 105734,Team Lead,2024-08-17,2024-08-28,pending,,
258,105734,retention_meeting,Retention Meeting scheduled for Employee 105734,Team Lead,2024-11-22,2024-12-27,completed,Retention Meeting completed successfully,2
259,101130,training_assigned,Training Assigned scheduled for Employee 101130,HR Manager,2024-12-02,2024-12-18,in_progress,,
260,101511,salary_review,Salary Review scheduled for Employee 101511,Team Lead,2025-01-09,2025-03-07,completed,Salary Review completed successfully,2
261,106347,training_assigned,Training Assigned scheduled for Employee 106347,Delivery Head,2024-12-21,2024-12-30,pending,,
262,106347,retention_meeting,Retention Meeting scheduled for Employee 106347,Delivery Head,2025-08-05,2025-08-20,in_progress,,
263,110842,retention_meeting,Retention Meeting scheduled for Employee 110842,Team Lead,2025-04-16,2025-05-26,in_progress,,
264,110842,training_assigned,Training Assigned scheduled for Employee 110842,HR Manager,2025-02-16,2025-03-22,completed,Training Assigned completed successfully,5
265,106446,salary_review,Salary Review scheduled for Employee 106446,Team Lead,2025-02-24,2025-03-12,in_progress,,
266,101635,salary_review,Salary Review scheduled for Employee 101635,Project Manager,2025-03-28,2025-05-25,in_progress,,
267,100561,retention_meeting,Retention Meeting scheduled for Employee 100561,Delivery Head,2024-09-12,2024-10-27,in_progress,,
268,105711,salary_review,Salary Review scheduled for Employee 105711,Project Manager,2024-11-02,2024-12-27,completed,Salary Review completed successfully,5
269,105711,training_assigned,Training Assigned scheduled for Employee 105711,Delivery Head,2024-11-26,2025-01-14,completed,Training Assigned completed successfully,1
270,105711,retention_meeting,Retention Meeting scheduled for Employee 105711,HR Manager,2025-03-13,2025-04-02,completed,Retention Meeting completed successfully,5
271,105923,salary_review,Salary Review scheduled for Employee 105923,Project Manager,2025-07-26,2025-08-26,pending,,
272,105923,salary_review,Salary Review scheduled for Employee 105923,Team Lead,2025-03-25,2025-04-11,pending,,
273,105923,salary_review,Salary Review scheduled for Employee 105923,Project Manager,2025-06-19,2025-07-01,pending,,
274,105357,salary_review,Salary Review scheduled for Employee 105357,HR Manager,2024-09-19,2024-11-13,in_progress,,
275,100884,training_assigned,Training Assigned scheduled for Employee 100884,Delivery Head,2025-03-27,2025-04-19,completed,Training Assigned completed successfully,5
276,110481,training_assigned,Training Assigned scheduled for Employee 110481,Delivery Head,2025-07-09,2025-08-12,pending,,
277,106483,training_assigned,Training Assigned scheduled for Employee 106483,Delivery Head,2025-04-08,2025-04-20,pending,,
278,106483,salary_review,Salary Review scheduled for Employee 106483,Team Lead,2025-08-03,2025-09-23,in_progress,,
279,111591,retention_meeting,Retention Meeting scheduled for Employee 111591,HR Manager,2025-02-02,2025-03-25,in_progress,,
280,111591,training_assigned,Training Assigned scheduled for Employee 111591,Team Lead,2024-09-01,2024-09-27,pending,,
281,111591,salary_review,Salary Review scheduled for Employee 111591,Project Manager,2024-10-03,2024-11-09,in_progress,,
282,100906,salary_review,Salary Review scheduled for Employee 100906,Project Manager,2025-06-29,2025-07-12,in_progress,,
283,100906,retention_meeting,Retention Meeting scheduled for Employee 100906,Project Manager,2025-02-14,2025-04-02,in_progress,,
284,111326,retention_meeting,Retention Meeting scheduled for Employee 111326,Team Lead,2025-01-19,2025-03-01,pending,,
285,111326,retention_meeting,Retention Meeting scheduled for Employee 111326,HR Manager,2024-08-26,2024-10-07,pending,,
286,111326,training_assigned,Training Assigned scheduled for Employee 111326,Project Manager,2025-03-18,2025-04-29,completed,Training Assigned completed successfully,4
287,106294,training_assigned,Training Assigned scheduled for Employee 106294,Team Lead,2025-01-08,2025-03-09,in_progress,,
288,106605,retention_meeting,Retention Meeting scheduled for Employee 106605,Delivery Head,2025-06-22,2025-07-10,completed,Retention Meeting completed successfully,2
289,106605,salary_review,Salary Review scheduled for Employee 106605,Delivery Head,2024-12-29,2025-01-28,completed,Salary Review completed successfully,3
290,100801,retention_meeting,Retention Meeting scheduled for Employee 100801,Team Lead,2025-02-25,2025-04-02,in_progress,,
291,100801,training_assigned,Training Assigned scheduled for Employee 100801,HR Manager,2024-11-30,2025-01-19,in_progress,,
292,100801,salary_review,Salary Review scheduled for Employee 100801,Team Lead,2024-09-26,2024-11-02,in_progress,,
293,101422,salary_review,Salary Review scheduled for Employee 101422,Project Manager,2025-05-27,2025-06-14,pending,,
294,101422,retention_meeting,Retention Meeting scheduled for Employee 101422,Project Manager,2024-08-30,2024-09-28,pending,,
295,110471,salary_review,Salary Review scheduled for Employee 110471,Delivery Head,2024-10-12,2024-10-28,pending,,
296,110471,salary_review,Salary Review scheduled for Employee 110471,Delivery Head,2024-12-23,2025-01-14,in_progress,,
297,110471,salary_review,Salary Review scheduled for Employee 110471,Delivery Head,2024-11-10,2024-12-01,completed,Salary Review completed successfully,3
298,100326,training_assigned,Training Assigned scheduled for Employee 100326,Project Manager,2024-12-31,2025-02-13,completed,Training Assigned completed successfully,4
299,100326,retention_meeting,Retention Meeting scheduled for Employee 100326,HR Manager,2024-12-07,2025-01-13,completed,Retention Meeting completed successfully,3
300,110665,retention_meeting,Retention Meeting scheduled for Employee 110665,HR Manager,2024-09-06,2024-10-14,completed,Retention Meeting completed successfully,4
301,110665,retention_meeting,Retention Meeting scheduled for Employee 110665,Team Lead,2024-08-18,2024-09-23,pending,,
302,105902,retention_meeting,Retention Meeting scheduled for Employee 105902,HR Manager,2024-09-11,2024-10-05,completed,Retention Meeting completed successfully,5
303,105902,training_assigned,Training Assigned scheduled for Employee 105902,HR Manager,2025-02-13,2025-04-06,in_progress,,
304,105902,training_assigned,Training Assigned scheduled for Employee 105902,Team Lead,2024-08-27,2024-09-12,completed,Training Assigned completed successfully,3
305,111703,salary_review,Salary Review scheduled for Employee 111703,Project Manager,2025-06-26,2025-08-16,completed,Salary Review completed successfully,5
306,111703,salary_review,Salary Review scheduled for Employee 111703,HR Manager,2024-11-20,2025-01-09,completed,Salary Review completed successfully,3
307,111703,salary_review,Salary Review scheduled for Employee 111703,HR Manager,2025-02-25,2025-03-07,pending,,
308,101100,training_assigned,Training Assigned scheduled for Employee 101100,Team Lead,2025-02-20,2025-04-19,in_progress,,
309,101100,retention_meeting,Retention Meeting scheduled for Employee 101100,Project Manager,2025-07-29,2025-08-16,pending,,
310,101100,training_assigned,Training Assigned scheduled for Employee 101100,HR Manager,2025-03-25,2025-04-23,completed,Training Assigned completed successfully,5
311,100468,training_assigned,Training Assigned scheduled for Employee 100468,Team Lead,2025-05-09,2025-05-30,pending,,
312,100468,salary_review,Salary Review scheduled for Employee 100468,Project Manager,2025-02-12,2025-03-21,in_progress,,
313,100468,training_assigned,Training Assigned scheduled for Employee 100468,HR Manager,2025-03-09,2025-04-25,pending,,
314,110703,retention_meeting,Retention Meeting scheduled for Employee 110703,Team Lead,2025-03-12,2025-03-30,in_progress,,
315,106494,salary_review,Salary Review scheduled for Employee 106494,Delivery Head,2025-07-09,2025-09-04,pending,,
316,110380,training_assigned,Training Assigned scheduled for Employee 110380,Delivery Head,2025-02-16,2025-02-23,pending,,
317,110380,training_assigned,Training Assigned scheduled for Employee 110380,HR Manager,2025-02-12,2025-04-06,in_progress,,
318,110380,training_assigned,Training Assigned scheduled for Employee 110380,Delivery Head,2025-03-19,2025-04-17,completed,Training Assigned completed successfully,3
319,111198,training_assigned,Training Assigned scheduled for Employee 111198,Team Lead,2025-06-18,2025-06-29,in_progress,,
320,101652,salary_review,Salary Review scheduled for Employee 101652,HR Manager,2024-12-06,2025-02-01,pending,,
321,110461,training_assigned,Training Assigned scheduled for Employee 110461,Project Manager,2024-10-04,2024-10-28,in_progress,,
322,110461,training_assigned,Training Assigned scheduled for Employee 110461,Delivery Head,2025-06-06,2025-08-05,in_progress,,
323,111276,training_assigned,Training Assigned scheduled for Employee 111276,Delivery Head,2025-02-24,2025-04-16,pending,,
324,111220,training_assigned,Training Assigned scheduled for Employee 111220,Project Manager,2025-05-29,2025-07-13,in_progress,,
325,110580,retention_meeting,Retention Meeting scheduled for Employee 110580,HR Manager,2025-04-17,2025-06-05,pending,,
326,110580,training_assigned,Training Assigned scheduled for Employee 110580,Team Lead,2024-10-05,2024-11-25,pending,,
327,111584,salary_review,Salary Review scheduled for Employee 111584,Delivery Head,2024-09-03,2024-10-25,completed,Salary Review completed successfully,5
328,111584,salary_review,Salary Review scheduled for Employee 111584,HR Manager,2025-03-11,2025-03-19,pending,,
329,101154,salary_review,Salary Review scheduled for Employee 101154,Team Lead,2024-12-17,2025-02-08,completed,Salary Review completed successfully,3
330,101274,training_assigned,Training Assigned scheduled for Employee 101274,HR Manager,2024-11-10,2024-12-19,completed,Training Assigned completed successfully,4
331,101647,salary_review,Salary Review scheduled for Employee 101647,Team Lead,2024-11-03,2024-12-10,completed,Salary Review completed successfully,2
332,100762,salary_review,Salary Review scheduled for Employee 100762,Project Manager,2025-05-16,2025-06-28,in_progress,,
333,100762,salary_review,Salary Review scheduled for Employee 100762,Team Lead,2024-11-12,2024-12-24,completed,Salary Review completed successfully,1
334,101345,retention_meeting,Retention Meeting scheduled for Employee 101345,Delivery Head,2024-11-15,2024-12-13,completed,Retention Meeting completed successfully,3
335,101345,salary_review,Salary Review scheduled for Employee 101345,HR Manager,2025-06-01,2025-07-09,pending,,
336,105323,training_assigned,Training Assigned scheduled for Employee 105323,Team Lead,2025-03-29,2025-05-01,in_progress,,
337,105323,salary_review,Salary Review scheduled for Employee 105323,Project Manager,2024-11-06,2024-12-31,completed,Salary Review completed successfully,1
338,105323,training_assigned,Training Assigned scheduled for Employee 105323,Project Manager,2025-05-18,2025-06-09,pending,,
339,110858,training_assigned,Training Assigned scheduled for Employee 110858,HR Manager,2024-12-21,2025-01-26,completed,Training Assigned completed successfully,2
340,110858,salary_review,Salary Review scheduled for Employee 110858,HR Manager,2025-05-16,2025-06-20,pending,,
341,110858,training_assigned,Training Assigned scheduled for Employee 110858,Project Manager,2025-07-14,2025-08-14,pending,,
342,111318,retention_meeting,Retention Meeting scheduled for Employee 111318,Delivery Head,2025-04-24,2025-05-05,completed,Retention Meeting completed successfully,1
343,111318,training_assigned,Training Assigned scheduled for Employee 111318,Team Lead,2025-05-05,2025-06-07,pending,,
344,111318,salary_review,Salary Review scheduled for Employee 111318,Delivery Head,2024-12-02,2025-01-14,completed,Salary Review completed successfully,1
345,106017,salary_review,Salary Review scheduled for Employee 106017,HR Manager,2024-10-08,2024-11-18,completed,Salary Review completed successfully,2
346,106687,training_assigned,Training Assigned scheduled for Employee 106687,Project Manager,2025-05-01,2025-06-26,pending,,
347,106687,retention_meeting,Retention Meeting scheduled for Employee 106687,Project Manager,2024-08-29,2024-09-08,completed,Retention Meeting completed successfully,5
348,106687,salary_review,Salary Review scheduled for Employee 106687,Team Lead,2025-02-10,2025-03-20,pending,,
349,106013,retention_meeting,Retention Meeting scheduled for Employee 106013,Delivery Head,2025-06-07,2025-06-26,pending,,
350,106314,training_assigned,Training Assigned scheduled for Employee 106314,Delivery Head,2025-04-03,2025-05-11,in_progress,,
351,106314,salary_review,Salary Review scheduled for Employee 106314,Team Lead,2025-08-03,2025-10-01,in_progress,,
352,105458,retention_meeting,Retention Meeting scheduled for Employee 105458,Project Manager,2025-06-18,2025-08-05,completed,Retention Meeting completed successfully,5
353,105458,salary_review,Salary Review scheduled for Employee 105458,Project Manager,2024-12-03,2025-01-02,pending,,
354,110836,salary_review,Salary Review scheduled for Employee 110836,HR Manager,2024-12-08,2025-01-06,completed,Salary Review completed successfully,2
355,110836,salary_review,Salary Review scheduled for Employee 110836,Project Manager,2024-12-04,2025-01-23,completed,Salary Review completed successfully,3
356,110836,retention_meeting,Retention Meeting scheduled for Employee 110836,Delivery Head,2025-01-23,2025-03-09,pending,,
357,110980,retention_meeting,Retention Meeting scheduled for Employee 110980,Delivery Head,2024-10-23,2024-11-04,pending,,
358,106008,training_assigned,Training Assigned scheduled for Employee 106008,HR Manager,2025-07-19,2025-08-16,pending,,
359,106008,training_assigned,Training Assigned scheduled for Employee 106008,Delivery Head,2025-01-09,2025-02-25,in_progress,,
360,106008,training_assigned,Training Assigned scheduled for Employee 106008,Project Manager,2024-08-20,2024-09-15,pending,,
361,105441,salary_review,Salary Review scheduled for Employee 105441,Delivery Head,2025-03-25,2025-04-13,in_progress,,
362,101666,retention_meeting,Retention Meeting scheduled for Employee 101666,Team Lead,2024-11-19,2025-01-11,in_progress,,
363,101666,salary_review,Salary Review scheduled for Employee 101666,Team Lead,2025-01-09,2025-01-30,in_progress,,
364,105754,retention_meeting,Retention Meeting scheduled for Employee 105754,Team Lead,2024-10-11,2024-10-24,completed,Retention Meeting completed successfully,4
365,105754,training_assigned,Training Assigned scheduled for Employee 105754,Project Manager,2025-06-08,2025-07-28,completed,Training Assigned completed successfully,4
366,105754,training_assigned,Training Assigned scheduled for Employee 105754,Team Lead,2024-12-20,2025-01-23,in_progress,,
367,100874,retention_meeting,Retention Meeting scheduled for Employee 100874,Team Lead,2025-02-03,2025-04-04,in_progress,,
368,100874,salary_review,Salary Review scheduled for Employee 100874,Team Lead,2025-01-03,2025-02-28,completed,Salary Review completed successfully,3
369,101560,training_assigned,Training Assigned scheduled for Employee 101560,HR Manager,2024-08-27,2024-09-26,completed,Training Assigned completed successfully,3
370,101560,retention_meeting,Retention Meeting scheduled for Employee 101560,Team Lead,2025-06-06,2025-07-01,in_progress,,
371,101560,salary_review,Salary Review scheduled for Employee 101560,Team Lead,2025-03-19,2025-05-05,completed,Salary Review completed successfully,3
372,100869,training_assigned,Training Assigned scheduled for Employee 100869,Project Manager,2024-12-31,2025-02-16,pending,,
373,100869,salary_review,Salary Review scheduled for Employee 100869,Project Manager,2024-09-18,2024-11-15,in_progress,,
374,100869,salary_review,Salary Review scheduled for Employee 100869,Project Manager,2025-04-26,2025-05-21,completed,Salary Review completed successfully,3
375,105997,training_assigned,Training Assigned scheduled for Employee 105997,HR Manager,2024-10-15,2024-11-25,pending,,
376,105997,training_assigned,Training Assigned scheduled for Employee 105997,Project Manager,2024-11-19,2024-11-26,in_progress,,
377,105997,salary_review,Salary Review scheduled for Employee 105997,HR Manager,2025-05-04,2025-06-03,in_progress,,
378,101005,retention_meeting,Retention Meeting scheduled for Employee 101005,Delivery Head,2025-03-10,2025-04-27,completed,Retention Meeting completed successfully,5
379,110876,retention_meeting,Retention Meeting scheduled for Employee 110876,Team Lead,2025-08-08,2025-08-17,pending,,
380,100520,training_assigned,Training Assigned scheduled for Employee 100520,Delivery Head,2024-10-11,2024-12-06,in_progress,,
381,100520,retention_meeting,Retention Meeting scheduled for Employee 100520,Project Manager,2024-12-04,2024-12-27,completed,Retention Meeting completed successfully,1
382,105889,retention_meeting,Retention Meeting scheduled for Employee 105889,HR Manager,2024-11-17,2024-12-07,in_progress,,
383,100620,training_assigned,Training Assigned scheduled for Employee 100620,HR Manager,2025-02-13,2025-04-08,pending,,
384,106555,training_assigned,Training Assigned scheduled for Employee 106555,HR Manager,2024-08-31,2024-09-20,pending,,
385,106392,salary_review,Salary Review scheduled for Employee 106392,Delivery Head,2024-12-05,2024-12-20,pending,,
386,106285,retention_meeting,Retention Meeting scheduled for Employee 106285,HR Manager,2024-11-27,2024-12-26,in_progress,,
387,106285,salary_review,Salary Review scheduled for Employee 106285,HR Manager,2024-10-20,2024-12-03,pending,,
388,106285,retention_meeting,Retention Meeting scheduled for Employee 106285,Team Lead,2025-01-13,2025-02-23,completed,Retention Meeting completed successfully,4
389,110412,retention_meeting,Retention Meeting scheduled for Employee 110412,Delivery Head,2025-07-04,2025-08-02,pending,,
390,110412,retention_meeting,Retention Meeting scheduled for Employee 110412,Project Manager,2024-12-11,2025-01-14,in_progress,,
391,100799,salary_review,Salary Review scheduled for Employee 100799,Project Manager,2025-04-25,2025-05-04,in_progress,,
392,106480,training_assigned,Training Assigned scheduled for Employee 106480,Team Lead,2025-05-04,2025-05-27,completed,Training Assigned completed successfully,5
393,106480,training_assigned,Training Assigned scheduled for Employee 106480,Project Manager,2025-07-22,2025-09-09,completed,Training Assigned completed successfully,1
394,106480,training_assigned,Training Assigned scheduled for Employee 106480,Team Lead,2025-05-25,2025-06-20,pending,,
395,106383,retention_meeting,Retention Meeting scheduled for Employee 106383,Project Manager,2025-06-12,2025-06-21,completed,Retention Meeting completed successfully,5
396,105808,retention_meeting,Retention Meeting scheduled for Employee 105808,Project Manager,2025-06-10,2025-07-03,in_progress,,
397,105808,salary_review,Salary Review scheduled for Employee 105808,HR Manager,2024-12-09,2024-12-31,completed,Salary Review completed successfully,5
398,105808,training_assigned,Training Assigned scheduled for Employee 105808,HR Manager,2025-06-30,2025-08-27,completed,Training Assigned completed successfully,2
399,100815,training_assigned,Training Assigned scheduled for Employee 100815,HR Manager,2025-03-22,2025-04-30,in_progress,,
400,100815,salary_review,Salary Review scheduled for Employee 100815,HR Manager,2025-04-22,2025-06-02,completed,Salary Review completed successfully,1
401,100815,salary_review,Salary Review scheduled for Employee 100815,Team Lead,2025-05-09,2025-05-24,in_progress,,
402,100692,training_assigned,Training Assigned scheduled for Employee 100692,Team Lead,2024-12-13,2025-02-07,completed,Training Assigned completed successfully,3
403,111356,salary_review,Salary Review scheduled for Employee 111356,Team Lead,2025-03-01,2025-04-09,in_progress,,
404,111356,salary_review,Salary Review scheduled for Employee 111356,Project Manager,2024-10-03,2024-11-26,completed,Salary Review completed successfully,1
405,111356,training_assigned,Training Assigned scheduled for Employee 111356,Delivery Head,2025-03-04,2025-03-29,completed,Training Assigned completed successfully,4
406,110833,retention_meeting,Retention Meeting scheduled for Employee 110833,Delivery Head,2025-06-25,2025-07-15,completed,Retention Meeting completed successfully,1
407,110833,training_assigned,Training Assigned scheduled for Employee 110833,Team Lead,2025-01-21,2025-03-03,in_progress,,
408,106621,retention_meeting,Retention Meeting scheduled for Employee 106621,Delivery Head,2025-02-10,2025-02-21,in_progress,,
409,106621,retention_meeting,Retention Meeting scheduled for Employee 106621,Team Lead,2025-01-30,2025-03-23,pending,,
410,101147,salary_review,Salary Review scheduled for Employee 101147,Team Lead,2025-07-23,2025-08-09,completed,Salary Review completed successfully,1
411,101147,salary_review,Salary Review scheduled for Employee 101147,Project Manager,2025-04-12,2025-04-27,pending,,
412,105401,salary_review,Salary Review scheduled for Employee 105401,Team Lead,2024-12-22,2025-01-01,in_progress,,
413,105401,retention_meeting,Retention Meeting scheduled for Employee 105401,Project Manager,2025-05-18,2025-06-02,pending,,
414,105401,training_assigned,Training Assigned scheduled for Employee 105401,Delivery Head,2025-04-02,2025-05-18,in_progress,,
415,101615,retention_meeting,Retention Meeting scheduled for Employee 101615,Team Lead,2025-07-11,2025-08-09,completed,Retention Meeting completed successfully,2
416,101615,training_assigned,Training Assigned scheduled for Employee 101615,Team Lead,2024-10-30,2024-12-04,in_progress,,
417,105685,salary_review,Salary Review scheduled for Employee 105685,HR Manager,2025-02-05,2025-02-21,completed,Salary Review completed successfully,1
418,105685,retention_meeting,Retention Meeting scheduled for Employee 105685,Team Lead,2025-05-15,2025-06-16,in_progress,,
419,101499,training_assigned,Training Assigned scheduled for Employee 101499,Team Lead,2025-02-13,2025-02-25,completed,Training Assigned completed successfully,1
420,101434,retention_meeting,Retention Meeting scheduled for Employee 101434,HR Manager,2025-07-20,2025-08-19,pending,,
421,101434,retention_meeting,Retention Meeting scheduled for Employee 101434,Delivery Head,2025-03-13,2025-04-13,in_progress,,
422,101434,salary_review,Salary Review scheduled for Employee 101434,Project Manager,2024-08-26,2024-10-03,pending,,
423,110746,salary_review,Salary Review scheduled for Employee 110746,HR Manager,2025-02-06,2025-03-05,pending,,
424,110746,training_assigned,Training Assigned scheduled for Employee 110746,HR Manager,2025-02-07,2025-04-03,completed,Training Assigned completed successfully,3
425,101401,salary_review,Salary Review scheduled for Employee 101401,Project Manager,2024-11-15,2024-11-22,in_progress,,
426,110590,salary_review,Salary Review scheduled for Employee 110590,Team Lead,2024-09-12,2024-10-16,completed,Salary Review completed successfully,5
427,110590,training_assigned,Training Assigned scheduled for Employee 110590,Delivery Head,2025-02-06,2025-03-16,pending,,
428,110590,training_assigned,Training Assigned scheduled for Employee 110590,Team Lead,2025-03-15,2025-05-10,completed,Training Assigned completed successfully,5
429,106673,retention_meeting,Retention Meeting scheduled for Employee 106673,Delivery Head,2024-11-04,2024-11-26,completed,Retention Meeting completed successfully,2
430,106673,retention_meeting,Retention Meeting scheduled for Employee 106673,Project Manager,2025-01-05,2025-01-28,in_progress,,
431,106673,retention_meeting,Retention Meeting scheduled for Employee 106673,HR Manager,2025-05-14,2025-07-05,in_progress,,
432,110450,training_assigned,Training Assigned scheduled for Employee 110450,Delivery Head,2025-04-21,2025-06-07,pending,,
433,110450,retention_meeting,Retention Meeting scheduled for Employee 110450,Team Lead,2025-04-15,2025-05-19,in_progress,,
434,110450,training_assigned,Training Assigned scheduled for Employee 110450,Team Lead,2025-07-09,2025-08-10,pending,,
435,100709,retention_meeting,Retention Meeting scheduled for Employee 100709,Delivery Head,2024-09-18,2024-11-08,pending,,
436,100709,salary_review,Salary Review scheduled for Employee 100709,Team Lead,2024-08-19,2024-10-07,completed,Salary Review completed successfully,5
437,100709,salary_review,Salary Review scheduled for Employee 100709,Project Manager,2025-03-31,2025-05-10,completed,Salary Review completed successfully,5
438,111486,retention_meeting,Retention Meeting scheduled for Employee 111486,Delivery Head,2025-05-04,2025-05-17,completed,Retention Meeting completed successfully,3
439,106069,retention_meeting,Retention Meeting scheduled for Employee 106069,Delivery Head,2024-09-02,2024-09-25,completed,Retention Meeting completed successfully,3
440,106069,retention_meeting,Retention Meeting scheduled for Employee 106069,Delivery Head,2025-03-06,2025-04-12,in_progress,,
441,105293,retention_meeting,Retention Meeting scheduled for Employee 105293,Project Manager,2024-10-07,2024-10-26,pending,,
442,105293,training_assigned,Training Assigned scheduled for Employee 105293,HR Manager,2024-12-30,2025-02-28,in_progress,,
443,106467,retention_meeting,Retention Meeting scheduled for Employee 106467,Team Lead,2024-09-13,2024-11-12,pending,,
444,110725,retention_meeting,Retention Meeting scheduled for Employee 110725,Project Manager,2024-11-01,2024-12-03,pending,,
445,110725,salary_review,Salary Review scheduled for Employee 110725,Team Lead,2025-03-12,2025-03-23,pending,,
446,110725,retention_meeting,Retention Meeting scheduled for Employee 110725,Team Lead,2025-03-17,2025-04-29,in_progress,,
447,101023,retention_meeting,Retention Meeting scheduled for Employee 101023,Team Lead,2024-08-22,2024-09-23,pending,,
448,101023,training_assigned,Training Assigned scheduled for Employee 101023,Team Lead,2025-04-06,2025-05-05,completed,Training Assigned completed successfully,5
449,100317,retention_meeting,Retention Meeting scheduled for Employee 100317,Delivery Head,2024-12-18,2025-01-25,completed,Retention Meeting completed successfully,4
450,100317,salary_review,Salary Review scheduled for Employee 100317,Team Lead,2024-08-20,2024-10-16,pending,,
451,105736,salary_review,Salary Review scheduled for Employee 105736,Delivery Head,2024-10-18,2024-11-02,in_progress,,
452,100526,retention_meeting,Retention Meeting scheduled for Employee 100526,Project Manager,2025-02-07,2025-02-26,pending,,
453,100526,salary_review,Salary Review scheduled for Employee 100526,Delivery Head,2025-04-30,2025-05-24,pending,,
454,100338,salary_review,Salary Review scheduled for Employee 100338,Team Lead,2025-04-10,2025-05-17,pending,,
455,100338,training_assigned,Training Assigned scheduled for Employee 100338,Project Manager,2025-02-04,2025-04-05,in_progress,,
456,100338,training_assigned,Training Assigned scheduled for Employee 100338,Project Manager,2024-11-30,2025-01-25,in_progress,,
457,105951,salary_review,Salary Review scheduled for Employee 105951,Delivery Head,2025-02-24,2025-03-19,completed,Salary Review completed successfully,3
458,100282,salary_review,Salary Review scheduled for Employee 100282,Delivery Head,2024-11-28,2024-12-24,completed,Salary Review completed successfully,5
459,100282,training_assigned,Training Assigned scheduled for Employee 100282,HR Manager,2025-06-17,2025-06-27,in_progress,,
460,100282,salary_review,Salary Review scheduled for Employee 100282,Project Manager,2024-10-09,2024-11-02,completed,Salary Review completed successfully,3
461,105296,retention_meeting,Retention Meeting scheduled for Employee 105296,HR Manager,2025-07-06,2025-08-11,pending,,
462,105296,training_assigned,Training Assigned scheduled for Employee 105296,Delivery Head,2025-03-01,2025-03-18,in_progress,,
463,101058,retention_meeting,Retention Meeting scheduled for Employee 101058,HR Manager,2024-11-04,2024-12-19,completed,Retention Meeting completed successfully,4
464,101058,salary_review,Salary Review scheduled for Employee 101058,Delivery Head,2025-06-11,2025-07-21,pending,,
465,101058,retention_meeting,Retention Meeting scheduled for Employee 101058,Team Lead,2024-11-08,2024-11-20,completed,Retention Meeting completed successfully,3
466,111572,retention_meeting,Retention Meeting scheduled for Employee 111572,HR Manager,2024-12-12,2025-02-01,completed,Retention Meeting completed successfully,4
467,105574,salary_review,Salary Review scheduled for Employee 105574,Team Lead,2025-02-07,2025-03-21,in_progress,,
468,110865,salary_review,Salary Review scheduled for Employee 110865,Delivery Head,2025-02-28,2025-04-05,in_progress,,
469,100667,training_assigned,Training Assigned scheduled for Employee 100667,Project Manager,2025-05-05,2025-06-08,in_progress,,
470,100667,retention_meeting,Retention Meeting scheduled for Employee 100667,HR Manager,2025-02-03,2025-04-04,completed,Retention Meeting completed successfully,2
471,101043,retention_meeting,Retention Meeting scheduled for Employee 101043,Team Lead,2024-10-07,2024-11-27,completed,Retention Meeting completed successfully,3
472,101043,salary_review,Salary Review scheduled for Employee 101043,Project Manager,2024-09-01,2024-09-17,in_progress,,
473,101043,training_assigned,Training Assigned scheduled for Employee 101043,HR Manager,2024-12-13,2025-02-11,in_progress,,
474,101525,salary_review,Salary Review scheduled for Employee 101525,Project Manager,2025-05-21,2025-07-17,pending,,
475,101525,training_assigned,Training Assigned scheduled for Employee 101525,Project Manager,2025-01-25,2025-03-01,pending,,
476,101525,salary_review,Salary Review scheduled for Employee 101525,HR Manager,2024-10-16,2024-12-09,in_progress,,
477,110658,retention_meeting,Retention Meeting scheduled for Employee 110658,Project Manager,2025-02-20,2025-04-16,in_progress,,
478,100353,training_assigned,Training Assigned scheduled for Employee 100353,Project Manager,2025-06-28,2025-07-18,pending,,
479,100353,salary_review,Salary Review scheduled for Employee 100353,Team Lead,2025-08-08,2025-09-29,completed,Salary Review completed successfully,3
480,100353,retention_meeting,Retention Meeting scheduled for Employee 100353,Project Manager,2025-05-11,2025-06-11,pending,,
481,101543,training_assigned,Training Assigned scheduled for Employee 101543,Project Manager,2025-02-11,2025-03-24,pending,,
482,101543,salary_review,Salary Review scheduled for Employee 101543,Project Manager,2025-07-23,2025-08-21,in_progress,,
483,101543,retention_meeting,Retention Meeting scheduled for Employee 101543,Delivery Head,2024-09-21,2024-09-28,completed,Retention Meeting completed successfully,3
484,106547,salary_review,Salary Review scheduled for Employee 106547,Team Lead,2024-10-21,2024-11-21,in_progress,,
485,106093,training_assigned,Training Assigned scheduled for Employee 106093,Delivery Head,2025-06-21,2025-07-14,pending,,
486,106093,training_assigned,Training Assigned scheduled for Employee 106093,Team Lead,2024-10-03,2024-10-19,in_progress,,
487,106093,training_assigned,Training Assigned scheduled for Employee 106093,Delivery Head,2024-11-03,2024-12-08,in_progress,,
488,111299,training_assigned,Training Assigned scheduled for Employee 111299,HR Manager,2025-04-27,2025-06-03,in_progress,,
489,111643,retention_meeting,Retention Meeting scheduled for Employee 111643,Team Lead,2024-09-14,2024-11-08,completed,Retention Meeting completed successfully,4
490,111643,training_assigned,Training Assigned scheduled for Employee 111643,Delivery Head,2024-09-07,2024-09-26,completed,Training Assigned completed successfully,5
491,111643,salary_review,Salary Review scheduled for Employee 111643,Delivery Head,2024-12-22,2025-02-17,completed,Salary Review completed successfully,2
492,111176,retention_meeting,Retention Meeting scheduled for Employee 111176,Delivery Head,2024-11-19,2025-01-06,pending,,
493,106363,training_assigned,Training Assigned scheduled for Employee 106363,Delivery Head,2025-06-12,2025-06-27,pending,,
494,106363,retention_meeting,Retention Meeting scheduled for Employee 106363,HR Manager,2025-01-23,2025-03-05,completed,Retention Meeting completed successfully,1
495,106363,salary_review,Salary Review scheduled for Employee 106363,Team Lead,2025-02-21,2025-02-28,in_progress,,
496,100583,training_assigned,Training Assigned scheduled for Employee 100583,Team Lead,2025-03-15,2025-03-30,completed,Training Assigned completed successfully,3
497,101135,salary_review,Salary Review scheduled for Employee 101135,Team Lead,2025-06-21,2025-08-11,in_progress,,
498,101135,retention_meeting,Retention Meeting scheduled for Employee 101135,Project Manager,2025-05-16,2025-06-06,in_progress,,
499,101135,salary_review,Salary Review scheduled for Employee 101135,HR Manager,2025-06-06,2025-07-03,in_progress,,
500,100821,retention_meeting,Retention Meeting scheduled for Employee 100821,Team Lead,2024-12-17,2025-01-08,pending,,
501,101114,salary_review,Salary Review scheduled for Employee 101114,HR Manager,2024-10-27,2024-11-06,pending,,
502,101114,training_assigned,Training Assigned scheduled for Employee 101114,Project Manager,2024-09-05,2024-09-19,pending,,
503,101114,salary_review,Salary Review scheduled for Employee 101114,Delivery Head,2025-05-18,2025-06-12,completed,Salary Review completed successfully,5
504,106442,salary_review,Salary Review scheduled for Employee 106442,Delivery Head,2024-09-01,2024-10-30,pending,,
505,106442,salary_review,Salary Review scheduled for Employee 106442,Team Lead,2025-08-14,2025-10-10,completed,Salary Review completed successfully,4
506,106459,salary_review,Salary Review scheduled for Employee 106459,Project Manager,2024-11-01,2024-12-09,completed,Salary Review completed successfully,5
507,106166,training_assigned,Training Assigned scheduled for Employee 106166,Team Lead,2025-04-27,2025-06-25,in_progress,,
508,110277,retention_meeting,Retention Meeting scheduled for Employee 110277,Delivery Head,2025-02-27,2025-03-25,completed,Retention Meeting completed successfully,2
509,106590,retention_meeting,Retention Meeting scheduled for Employee 106590,Project Manager,2025-06-08,2025-06-15,completed,Retention Meeting completed successfully,3
510,106590,training_assigned,Training Assigned scheduled for Employee 106590,HR Manager,2025-07-23,2025-08-01,in_progress,,
511,105963,training_assigned,Training Assigned scheduled for Employee 105963,Team Lead,2025-05-20,2025-06-01,completed,Training Assigned completed successfully,3
512,111680,salary_review,Salary Review scheduled for Employee 111680,HR Manager,2025-01-24,2025-03-04,completed,Salary Review completed successfully,5
513,111680,training_assigned,Training Assigned scheduled for Employee 111680,Delivery Head,2025-03-11,2025-05-04,pending,,
514,111336,salary_review,Salary Review scheduled for Employee 111336,HR Manager,2025-03-10,2025-04-20,in_progress,,
515,111336,training_assigned,Training Assigned scheduled for Employee 111336,HR Manager,2024-11-08,2024-11-30,completed,Training Assigned completed successfully,5
516,110287,salary_review,Salary Review scheduled for Employee 110287,HR Manager,2025-04-27,2025-06-14,completed,Salary Review completed successfully,1
517,110287,salary_review,Salary Review scheduled for Employee 110287,HR Manager,2025-02-09,2025-03-28,in_progress,,
518,110287,training_assigned,Training Assigned scheduled for Employee 110287,Delivery Head,2025-02-23,2025-03-12,completed,Training Assigned completed successfully,2
519,100973,retention_meeting,Retention Meeting scheduled for Employee 100973,Delivery Head,2025-03-27,2025-05-25,completed,Retention Meeting completed successfully,5
520,100973,training_assigned,Training Assigned scheduled for Employee 100973,Team Lead,2025-04-02,2025-04-13,in_progress,,
521,106029,salary_review,Salary Review scheduled for Employee 106029,Team Lead,2025-07-02,2025-08-10,pending,,
522,106029,training_assigned,Training Assigned scheduled for Employee 106029,HR Manager,2025-02-24,2025-03-05,in_progress,,
523,106029,training_assigned,Training Assigned scheduled for Employee 106029,HR Manager,2025-05-26,2025-07-03,pending,,
524,100950,training_assigned,Training Assigned scheduled for Employee 100950,Team Lead,2025-03-07,2025-03-20,pending,,
525,100950,retention_meeting,Retention Meeting scheduled for Employee 100950,Team Lead,2025-04-07,2025-05-17,pending,,
526,100950,salary_review,Salary Review scheduled for Employee 100950,Delivery Head,2024-12-12,2025-01-22,in_progress,,
527,110492,retention_meeting,Retention Meeting scheduled for Employee 110492,Project Manager,2025-05-02,2025-05-25,completed,Retention Meeting completed successfully,4
528,110492,retention_meeting,Retention Meeting scheduled for Employee 110492,Project Manager,2025-02-20,2025-03-31,pending,,
529,110492,retention_meeting,Retention Meeting scheduled for Employee 110492,Project Manager,2025-07-12,2025-07-23,in_progress,,
530,111104,training_assigned,Training Assigned scheduled for Employee 111104,Delivery Head,2025-01-13,2025-01-23,pending,,
531,111104,salary_review,Salary Review scheduled for Employee 111104,Project Manager,2024-10-25,2024-11-05,in_progress,,
532,100718,salary_review,Salary Review scheduled for Employee 100718,Delivery Head,2024-09-05,2024-10-13,in_progress,,
533,100718,retention_meeting,Retention Meeting scheduled for Employee 100718,Team Lead,2024-12-31,2025-01-18,pending,,
534,100718,retention_meeting,Retention Meeting scheduled for Employee 100718,Delivery Head,2025-08-06,2025-09-09,pending,,
535,106225,training_assigned,Training Assigned scheduled for Employee 106225,Project Manager,2025-02-25,2025-04-09,pending,,
536,106225,retention_meeting,Retention Meeting scheduled for Employee 106225,Delivery Head,2025-07-02,2025-08-23,completed,Retention Meeting completed successfully,3
537,106225,training_assigned,Training Assigned scheduled for Employee 106225,Project Manager,2025-01-25,2025-02-10,completed,Training Assigned completed successfully,1
538,106518,salary_review,Salary Review scheduled for Employee 106518,Project Manager,2025-05-25,2025-07-18,in_progress,,
539,106518,salary_review,Salary Review scheduled for Employee 106518,Team Lead,2025-03-12,2025-04-16,completed,Salary Review completed successfully,1
540,106073,training_assigned,Training Assigned scheduled for Employee 106073,Team Lead,2025-06-15,2025-06-24,pending,,
541,100331,training_assigned,Training Assigned scheduled for Employee 100331,HR Manager,2025-02-12,2025-04-13,completed,Training Assigned completed successfully,4
542,100331,retention_meeting,Retention Meeting scheduled for Employee 100331,Delivery Head,2025-01-06,2025-02-14,completed,Retention Meeting completed successfully,2
543,106257,salary_review,Salary Review scheduled for Employee 106257,Project Manager,2024-12-28,2025-02-14,completed,Salary Review completed successfully,3
544,106257,training_assigned,Training Assigned scheduled for Employee 106257,HR Manager,2025-02-20,2025-02-28,completed,Training Assigned completed successfully,2
545,111378,training_assigned,Training Assigned scheduled for Employee 111378,Delivery Head,2025-08-10,2025-10-01,in_progress,,
546,111378,retention_meeting,Retention Meeting scheduled for Employee 111378,Project Manager,2024-11-10,2024-11-29,pending,,
547,111378,retention_meeting,Retention Meeting scheduled for Employee 111378,Delivery Head,2025-03-05,2025-05-03,pending,,
548,100628,retention_meeting,Retention Meeting scheduled for Employee 100628,Team Lead,2024-11-18,2025-01-16,pending,,
549,100628,training_assigned,Training Assigned scheduled for Employee 100628,HR Manager,2024-09-04,2024-10-25,completed,Training Assigned completed successfully,3
550,106034,salary_review,Salary Review scheduled for Employee 106034,HR Manager,2025-08-12,2025-08-30,pending,,
551,106034,retention_meeting,Retention Meeting scheduled for Employee 106034,Team Lead,2024-10-24,2024-11-06,completed,Retention Meeting completed successfully,5
552,106034,salary_review,Salary Review scheduled for Employee 106034,Team Lead,2025-05-03,2025-05-29,in_progress,,
553,106254,retention_meeting,Retention Meeting scheduled for Employee 106254,Team Lead,2025-02-02,2025-02-26,pending,,
554,106254,retention_meeting,Retention Meeting scheduled for Employee 106254,Delivery Head,2025-02-15,2025-03-20,in_progress,,
555,110433,retention_meeting,Retention Meeting scheduled for Employee 110433,Team Lead,2025-06-30,2025-07-12,completed,Retention Meeting completed successfully,4
556,110744,training_assigned,Training Assigned scheduled for Employee 110744,HR Manager,2025-04-26,2025-06-18,completed,Training Assigned completed successfully,5
557,110744,salary_review,Salary Review scheduled for Employee 110744,HR Manager,2025-01-25,2025-03-09,in_progress,,
558,106214,retention_meeting,Retention Meeting scheduled for Employee 106214,HR Manager,2025-04-30,2025-06-26,completed,Retention Meeting completed successfully,5
