EmployeeID,MaritalStatus,Gender,EmploymentStatus,JobRole,CareerLevel,PerformanceRating,City,HiringPlatform,PhoneNumber,Email,EducationLevel,ReasonForResignation,DateOfBirth,DateOfJoining,LastAppraisalDate,ResignationDate,YearsOfExperience
111065,Married,Female,Outsource,Quality Assurance Engineer,Experienced,Excellent,Pune,Indeed,9.19391E+11,saanvi.sule@gmail.com,Postgraduate,Career Change,1/2/1990,23/04/2020,9/19/2021,4/21/2022,15
106080,Married,Female,FullTime,Product Manager,Experienced,Poor,Pune,Employee Referral,9.17726E+11,vanya.dugar@gmail.com,Graduate,Career Change,7/12/1966,18/10/2018,1/13/2022,3/15/2022,10
106452,Married,Male,FullTime,Data Analyst,Experienced,Good,Gurgaon,Internshala,9.16759E+11,sahil.date@gmail.com,Postgraduate,Career Change,10/3/1985,13/05/2019,11/11/2023,4/30/2024,19
106325,Married,Male,Outsource,Machine Learning Engineer,Experienced,Good,Mumbai,LinkedIn,9.16421E+11,nirvaan.aggarwal@gmail.com,Graduate,Still Working,24/03/2002,24/08/2023,6/19/2025,NA,8
111171,Married,Male,FullTime,Data Scientist,Experienced,Good,Mumbai,Indeed,9.1744E+11,pranay.bora@gmail.com,Graduate,Still Working,18/05/1985,23/02/2018,12/1/2025,NA,20
106419,Married,Female,Outsource,Machine Learning Engineer,Experienced,Excellent,Mumbai,Employee Referral,9.19398E+11,advika.balasubramanian@gmail.com,Graduate,Career Change,24/05/1971,26/06/2024,6/27/2021,12/27/2022,8
100309,Married,Female,FullTime,Data Scientist,Experienced,Good,Gurgaon,Indeed,9.17605E+11,mannat.lad@gmail.com,Graduate,Career Change,20/08/1966,11/9/2016,7/21/2022,3/25/2023,8
110500,Unmarried,Male,FullTime,Data Scientist,Fresher,Excellent,Hyderabad,Naukri.com,9.17905E+11,mannat.sridhar@gmail.com,Postgraduate,Still Working,15/09/1997,17/12/2016,9/27/2024,NA,0
110533,Married,Female,FullTime,Software Engineer,Experienced,Poor,Mumbai,Indeed,9.19506E+11,hrishita.ahuja@gmail.com,Postgraduate,Career Change,19/01/1970,10/10/2018,9/1/2021,9/2/2021,11
110927,Married,Female,FullTime,Quality Analyst,Experienced,Excellent,Gurgaon,Naukri.com,9.18417E+11,neelofar.arora@gmail.com,Graduate,Career Change,15/08/1999,14/02/2023,8/24/2020,8/25/2020,8
105548,Married,Male,FullTime,Product Manager,Experienced,Excellent,Pune,Internshala,9.16186E+11,nehmat.kakar@gmail.com,Graduate,Career Change,12/8/1990,27/09/2021,12/27/2023,12/28/2023,14
111354,Married,Female,FullTime,Project Manager,Experienced,Excellent,Gurgaon,Indeed,9.17318E+11,samaira.mangal@gmail.com,Postgraduate,Career Change,18/05/1981,4/2/2020,8/8/2025,8/9/2025,6
100895,Married,Male,FullTime,Software Engineer,Experienced,Good,Bengaluru,Naukri.com,9.18709E+11,vaibhav.krishna@gmail.com,Postgraduate,Career Change,7/1/1986,10/3/2023,7/4/2025,7/5/2025,16
110783,Married,Male,Outsource,Data Engineer,Fresher,Good,Hyderabad,Company Website,9.19061E+11,saksham.venkatesh@gmail.com,Graduate,Career Change,21/08/1988,27/02/2017,1/28/2025,1/29/2025,0
105507,Married,Female,FullTime,Data Analyst,Experienced,Good,Hyderabad,Naukri.com,9.18487E+11,vedika.ramaswamy@gmail.com,Graduate,Career Change,7/6/1965,3/8/2022,6/23/2025,6/24/2025,12
106710,Married,Female,FullTime,Marketing Analyst,Experienced,Poor,Gurgaon,Company Website,9.19054E+11,anahita.boase@gmail.com,Graduate,Career Change,28/10/1984,31/08/2016,1/19/2025,1/20/2025,10
101236,Married,Male,FullTime,Software Engineer,Experienced,Good,Pune,Naukri.com,9.16853E+11,shray.lata@gmail.com,Graduate,Toxic Work Culture,14/02/1973,25/11/2018,6/17/2025,6/18/2025,8
105985,Married,Female,FullTime,Data Scientist,Experienced,Excellent,Gurgaon,Employee Referral,9.18711E+11,yakshit.sandal@gmail.com,Graduate,Career Change,13/02/1975,13/04/2024,7/11/2024,7/12/2024,25
111202,Married,Female,FullTime,Intern,Experienced,Excellent,Gurgaon,Indeed,9.19666E+11,aarna.virk@gmail.com,Graduate,Still Working,17/12/1996,27/02/2023,4/30/2025,NA,0
100621,Married,Female,FullTime,Business Analyst,Experienced,Good,Mumbai,Employee Referral,9.17852E+11,sana.tata@gmail.com,Graduate,Still Working,12/11/1984,23/05/2018,9/23/2024,NA,24
100301,Married,Female,FullTime,Human Resource Manager,Experienced,Excellent,Pune,Naukri.com,9.16027E+11,tara.tandon@gmail.com,Graduate,Still Working,2/3/1992,19/04/2016,3/22/2025,NA,8
101120,Married,Female,FullTime,Product Manager,Experienced,Poor,Hyderabad,LinkedIn,9.1778E+11,samaira.bal@gmail.com,Graduate,Still Working,8/12/2002,22/05/2016,8/30/2024,NA,14
101124,Married,Male,Outsource,Data Scientist,Experienced,Good,Mumbai,Internshala,9.16705E+11,reyansh.thaker@gmail.com,Postgraduate,Toxic Work Culture,28/04/1983,14/10/2019,12/17/2024,12/18/2024,2
110788,Unmarried,Female,Outsource,Business Analyst,Fresher,Good,Bengaluru,Employee Referral,9.18942E+11,ryan.char@gmail.com,Graduate,Career Change,29/10/1997,6/6/2020,9/19/2024,9/20/2024,0
105394,Married,Male,Outsource,Machine Learning Engineer,Experienced,Good,Pune,Employee Referral,9.18158E+11,yuvraj..banerjee@gmail.com,Graduate,Still Working,22/06/1971,10/8/2024,5/14/2025,NA,15
101226,Unmarried,Male,FullTime,Delivery Manager,Fresher,Good,Pune,LinkedIn,9.167E+11,ehsaan.dugar@gmail.com,Postgraduate,Still Working,1/9/1968,4/5/2016,2/5/2025,NA,0
105911,Married,Male,FullTime,Software Engineer,Experienced,Good,Mumbai,Naukri.com,9.18047E+11,lakshay.bhalla@gmail.com,Postgraduate,Career Change,27/09/1992,17/01/2023,10/1/2025,10/2/2025,25
110566,Married,Male,FullTime,Business Analyst,Experienced,Excellent,Pune,Internshala,9.1952E+11,aayush.ganguly@gmail.com,Graduate,Still Working,9/7/1981,1/11/2023,6/3/2025,NA,3
106577,Married,Male,Outsource,Marketing Analyst,Experienced,Good,Mumbai,Company Website,9.19752E+11,stuvan.yadav@gmail.com,Graduate,Still Working,25/12/1993,21/03/2024,8/16/2024,NA,11
106473,Married,Male,FullTime,VP-Technology Solution,Experienced,Excellent,Hyderabad,Internshala,9.16285E+11,rasha.dutta@gmail.com,Graduate,Still Working,10/2/1975,17/06/2020,9/4/2025,NA,20
100603,Married,Male,FullTime,Software Engineer,Experienced,Good,Mumbai,Company Website,9.19629E+11,saksham.dhar@gmail.com,Graduate,Toxic Work Culture,1/5/2001,24/07/2018,9/29/2024,9/30/2024,12
106411,Married,Male,Outsource,Machine Learning Engineer,Experienced,Good,Hyderabad,Internshala,9.16193E+11,manjari.sawhney@gmail.com,Postgraduate,Career Change,30/03/1987,17/06/2018,5/4/2025,5/5/2025,17
100730,Unmarried,Male,FullTime,Human Resource Manager,Fresher,Excellent,Bengaluru,Employee Referral,9.16059E+11,madhup.gopal@gmail.com,Postgraduate,Still Working,24/08/1986,7/10/2019,2/15/2025,NA,1
106540,Married,Female,Outsource,Machine Learning Engineer,Experienced,Good,Mumbai,Naukri.com,9.18256E+11,vritika.swamy@gmail.com,Postgraduate,Still Working,4/4/1988,7/3/2016,2/9/2024,NA,14
106529,Married,Female,Outsource,Quality Analyst,Experienced,Good,Hyderabad,Internshala,9.16852E+11,badal.tata@gmail.com,Graduate,Toxic Work Culture,20/12/1989,6/3/2021,1/4/2025,1/5/2025,11
110848,Married,Female,FullTime,Marketing Analyst,Experienced,Excellent,Pune,Company Website,9.16914E+11,neelofar.bhatnagar@gmail.com,Postgraduate,Still Working,15/08/1980,14/12/2019,6/2/2025,NA,4
105437,Married,Female,FullTime,Software Engineer,Experienced,Good,Gurgaon,LinkedIn,9.19202E+11,eshani.chaudhry@gmail.com,Graduate,Still Working,30/07/1989,26/09/2018,12/13/2024,NA,25
110342,Married,Male,FullTime,Software Engineer,Experienced,Good,Gurgaon,LinkedIn,9.16743E+11,kanav.brahmbhatt@gmail.com,Graduate,Career Change,13/07/2001,6/9/2017,6/1/2025,6/2/2025,16
110552,Unmarried,Female,FullTime,Product Manager,Fresher,Excellent,Gurgaon,Company Website,9.19416E+11,anika.hayre@gmail.com,Graduate,Still Working,24/10/1990,12/7/2020,11/6/2025,NA,1
111140,Married,Female,FullTime,Data Analyst,Experienced,Good,Pune,Company Website,9.19999E+11,shaan.sampath@gmail.com,Graduate,Toxic Work Culture,1/4/2003,24/08/2022,12/8/2025,12/9/2025,7
100373,Married,Male,Outsource,Software Engineer,Experienced,Poor,Mumbai,Internshala,9.18182E+11,biju.kari@gmail.com,Postgraduate,Toxic Work Culture,14/11/1972,9/5/2018,7/21/2025,7/22/2025,18
106561,Married,Male,Outsource,Data Analyst,Experienced,Good,Mumbai,Employee Referral,9.19098E+11,vivaan.kibe@gmail.com,Postgraduate,Career Change,8/3/1980,26/08/2018,12/29/2024,12/30/2024,8
110363,Married,Female,Outsource,Quality Analyst,Experienced,Excellent,Mumbai,Company Website,9.19302E+11,advika.bera@gmail.com,Graduate,Career Change,7/10/1981,1/4/2016,1/5/2025,1/6/2025,8
101682,Married,Female,FullTime,Business Analyst,Experienced,Good,Bengaluru,Company Website,9.16302E+11,akarsh.khalsa@gmail.com,Postgraduate,Still Working,20/10/2001,30/05/2022,12/2/2025,NA,13
105543,Married,Female,FullTime,Machine Learning Engineer,Experienced,Good,Bengaluru,Internshala,9.17832E+11,sara.soman@gmail.com,Postgraduate,Toxic Work Culture,9/6/1981,13/11/2019,11/29/2024,11/30/2024,17
101626,Married,Female,FullTime,Project Manager,Experienced,Excellent,Pune,Naukri.com,9.18755E+11,nirvaan.gulati@gmail.com,Graduate,Still Working,30/04/1974,11/1/2021,2/26/2025,NA,13
110505,Unmarried,Male,FullTime,Machine Learning Engineer,Experienced,Excellent,Gurgaon,LinkedIn,9.19899E+11,tejas.guha@gmail.com,Graduate,Toxic Work Culture,17/04/1997,3/11/2019,2/19/2025,2/20/2025,5
106141,Married,Female,FullTime,Product Manager,Experienced,Good,Bengaluru,Internshala,9.16437E+11,misha.comar@gmail.com,Graduate,Career Change,1/5/2000,23/01/2016,10/25/2024,10/26/2024,13
111250,Married,Female,FullTime,Project Manager,Experienced,Good,Mumbai,Naukri.com,9.17158E+11,yasmin.mallick@gmail.com,Postgraduate,Toxic Work Culture,29/07/1982,15/09/2021,7/29/2025,7/30/2025,14
105390,Married,Female,Outsource,Quality Assurance Engineer,Experienced,Good,Bengaluru,LinkedIn,9.16601E+11,aayush.sarma@gmail.com,Postgraduate,Still Working,17/10/1974,15/05/2024,9/10/2024,NA,4
100381,Married,Female,FullTime,Data Engineer,Experienced,Poor,Gurgaon,Naukri.com,9.19233E+11,ayesha.barman@gmail.com,Graduate,Still Working,3/11/1990,29/05/2019,10/29/2024,NA,14
105634,Unmarried,Female,FullTime,Human Resource Manager,Fresher,Good,Bengaluru,Employee Referral,9.17681E+11,zara.khanna@gmail.com,Graduate,Toxic Work Culture,27/08/1970,30/04/2022,10/1/2025,10/2/2025,0
100826,Married,Female,Outsource,Machine Learning Engineer,Experienced,Good,Bengaluru,Naukri.com,9.17617E+11,anahi.bera@gmail.com,Graduate,Long Working Hours,1/1/2000,20/02/2023,7/5/2025,7/6/2025,24
110407,Married,Female,FullTime,Delivery Manager,Experienced,Good,Gurgaon,LinkedIn,9.19781E+11,sumer.sarna@gmail.com,Postgraduate,Still Working,2/4/1980,11/8/2021,4/10/2024,NA,6
101188,Married,Female,FullTime,Product Manager,Experienced,Excellent,Pune,Indeed,9.19533E+11,tarini.ramaswamy@gmail.com,Graduate,Career Change,27/03/1996,6/11/2020,6/19/2025,6/20/2025,8
105820,Married,Female,FullTime,Machine Learning Engineer,Experienced,Good,Gurgaon,Internshala,9.17603E+11,anahi.kara@gmail.com,Graduate,Career Change,25/07/1984,11/9/2020,1/14/2025,1/15/2025,16
111184,Married,Female,Outsource,Quality Analyst,Experienced,Excellent,Mumbai,Indeed,9.17427E+11,mishti.dugar@gmail.com,Graduate,Career Change,1/6/1986,31/05/2020,5/4/2025,5/5/2025,5
111302,Married,Female,Outsource,Human Resource Manager,Experienced,Excellent,Pune,LinkedIn,9.18386E+11,zain.bhagat@gmail.com,Graduate,Career Change,12/2/1966,8/2/2019,12/26/2024,12/27/2024,14
111533,Married,Female,Outsource,Data Analyst,Experienced,Good,Hyderabad,Company Website,9.18894E+11,samaira.dua@gmail.com,Graduate,Career Change,10/7/1968,30/07/2020,3/4/2025,3/5/2025,5
106660,Married,Female,FullTime,VP-Business Solution,Experienced,Good,Bengaluru,LinkedIn,9.16348E+11,kavya.sarin@gmail.com,Postgraduate,Still Working,14/04/1976,18/08/2022,6/6/2025,NA,20
105937,Married,Female,FullTime,Machine Learning Engineer,Experienced,Excellent,Pune,Employee Referral,9.16058E+11,sara.badami@gmail.com,Graduate,Long Working Hours,28/02/1977,3/4/2022,7/8/2025,7/9/2025,14
101053,Married,Female,Outsource,Marketing Analyst,Experienced,Excellent,Hyderabad,Naukri.com,9.17937E+11,vedika.kar@gmail.com,Graduate,Career Change,2/2/1977,20/03/2018,6/22/2025,6/23/2025,6
111692,Unmarried,Female,FullTime,Software Tester,Fresher,Good,Bengaluru,Indeed,9.16723E+11,rhea.sastry@gmail.com,Graduate,Long Working Hours,20/09/1977,28/11/2021,2/5/2025,2/6/2025,0
111397,Married,Female,FullTime,Machine Learning Engineer,Experienced,Good,Pune,Internshala,9.18703E+11,faiyaz.varma@gmail.com,Graduate,Still Working,29/11/1988,29/07/2018,3/12/2024,NA,23
100674,Married,Female,FullTime,Software Tester,Experienced,Excellent,Gurgaon,Indeed,9.17149E+11,ehsaan.gara@gmail.com,Graduate,Long Working Hours,8/4/1984,9/8/2016,12/21/2024,12/22/2024,12
110454,Married,Female,FullTime,Delivery Manager,Experienced,Good,Pune,Internshala,9.1756E+11,kashvi.gokhale@gmail.com,Graduate,Long Working Hours,11/1/2003,11/4/2020,11/8/2025,11/9/2025,8
100769,Married,Female,FullTime,Machine Learning Engineer,Experienced,Good,Mumbai,Naukri.com,9.18425E+11,piya.mann@gmail.com,Graduate,Still Working,24/08/1983,2/7/2021,10/9/2024,NA,23
105779,Unmarried,Male,Outsource,Delivery Manager,Experienced,Excellent,Mumbai,LinkedIn,9.17678E+11,baiju.kohli@gmail.com,Graduate,Still Working,7/8/1988,13/06/2022,4/12/2024,NA,4
110642,Married,Male,FullTime,Data Analyst,Experienced,Excellent,Hyderabad,Company Website,9.19764E+11,farhan.gokhale@gmail.com,Graduate,Still Working,4/9/1989,11/6/2017,5/17/2025,NA,19
110524,Married,Female,FullTime,Software Engineer,Experienced,Good,Gurgaon,Employee Referral,9.19752E+11,kimaya.bahri@gmail.com,Graduate,Still Working,31/12/1993,8/7/2019,9/22/2024,NA,20
106501,Unmarried,Female,Outsource,Project Manager,Experienced,Excellent,Gurgaon,Naukri.com,9.18232E+11,kashvi.kuruvilla@gmail.com,Postgraduate,Long Working Hours,12/7/1988,11/9/2019,12/19/2024,12/20/2024,3
105688,Married,Female,FullTime,Data Scientist,Experienced,Good,Bengaluru,Naukri.com,9.17919E+11,dishani.kanda@gmail.com,Postgraduate,Long Working Hours,18/05/1977,11/1/2018,9/19/2024,9/20/2024,24
110612,Married,Female,FullTime,Data Scientist,Experienced,Good,Gurgaon,Company Website,9.18284E+11,tara.anand@gmail.com,Graduate,Long Working Hours,17/01/1980,6/12/2020,12/28/2024,12/29/2024,15
110478,Unmarried,Female,Outsource,Business Analyst,Fresher,Poor,Hyderabad,Employee Referral,9.1853E+11,tanya.lala@gmail.com,Graduate,Still Working,2/7/1989,9/6/2017,12/3/2025,NA,0
105370,Married,Female,Outsource,Software Engineer,Experienced,Good,Pune,LinkedIn,9.18311E+11,kartik.dhar@gmail.com,Graduate,Long Working Hours,13/10/1996,12/3/2017,12/20/2024,12/21/2024,13
100852,Married,Female,FullTime,Delivery Manager,Experienced,Excellent,Hyderabad,LinkedIn,9.1971E+11,kaira.walia@gmail.com,Graduate,Still Working,29/04/1972,16/01/2020,3/27/2025,NA,14
106462,Married,Male,FullTime,Software Engineer,Experienced,Good,Hyderabad,Naukri.com,9.1988E+11,bhavin.sodhi@gmail.com,Postgraduate,Long Working Hours,28/12/1978,7/9/2016,10/31/2024,11/1/2024,17
101163,Married,Female,FullTime,Business Analyst,Experienced,Excellent,Gurgaon,Indeed,9.17907E+11,samar.dhillon@gmail.com,Postgraduate,Still Working,15/07/1979,21/09/2020,3/4/2025,NA,9
110312,Married,Female,FullTime,Machine Learning Engineer,Experienced,Excellent,Pune,Internshala,9.19226E+11,trisha.borah@gmail.com,Graduate,Still Working,17/08/1980,12/3/2024,7/26/2025,NA,24
100942,Unmarried,Female,FullTime,Data Engineer,Fresher,Good,Pune,Internshala,9.19288E+11,samar.rao@gmail.com,Graduate,Still Working,11/1/1987,10/1/2016,1/31/2025,NA,0
106620,Married,Female,FullTime,Quality Analyst,Experienced,Excellent,Gurgaon,Employee Referral,9.18641E+11,pari.korpal@gmail.com,Graduate,Still Working,20/12/1976,22/11/2020,9/27/2024,NA,11
105538,Unmarried,Female,FullTime,Quality Analyst,Fresher,Good,Pune,Indeed,9.19432E+11,nirvi.sankar@gmail.com,Graduate,Still Working,8/7/1974,13/06/2018,1/4/2025,NA,1
100515,Married,Female,Outsource,Machine Learning Engineer,Experienced,Good,Gurgaon,Indeed,9.16828E+11,darshit.varty@gmail.com,Graduate,Still Working,30/01/1977,6/6/2018,2/16/2025,NA,19
106245,Married,Female,FullTime,Data Analyst,Experienced,Good,Mumbai,Indeed,9.18938E+11,zara.subramaniam@gmail.com,Graduate,Still Working,8/11/1966,2/1/2018,3/15/2025,NA,7
110699,Married,Male,Outsource,Data Scientist,Experienced,Excellent,Mumbai,Naukri.com,9.17609E+11,kismat.krishnan@gmail.com,Postgraduate,Still Working,18/04/1990,12/10/2018,9/8/2025,NA,19
105678,Unmarried,Female,FullTime,Data Engineer,Experienced,Good,Pune,Internshala,9.1651E+11,ritvik.tella@gmail.com,Postgraduate,Still Working,5/11/1997,4/4/2019,12/17/2024,NA,2
111089,Married,Female,Outsource,Project Manager,Experienced,Excellent,Gurgaon,Internshala,9.16595E+11,tara.koshy@gmail.com,Graduate,Still Working,3/10/1967,27/09/2020,6/19/2025,NA,11
110423,Married,Female,FullTime,Machine Learning Engineer,Experienced,Excellent,Pune,Indeed,9.16129E+11,adira.mammen@gmail.com,Graduate,Still Working,26/06/1975,13/05/2018,7/14/2025,NA,21
110646,Unmarried,Female,FullTime,Project Manager,Fresher,Good,Mumbai,Company Website,9.16925E+11,damini.sodhi@gmail.com,Graduate,Career Change,11/11/1985,26/10/2023,6/26/2025,6/27/2025,1
105419,Unmarried,Female,FullTime,Marketing Analyst,Fresher,Excellent,Hyderabad,Internshala,9.19668E+11,anay.sarraf@gmail.com,Postgraduate,Still Working,25/02/1988,21/06/2021,7/21/2025,NA,1
100597,Married,Male,FullTime,CEO,Experienced,Excellent,Hyderabad,Company Website,9.17246E+11,aarush.kanda@gmail.com,Graduate,Still Working,9/11/1974,30/07/2016,6/11/2024,NA,17
100992,Unmarried,Female,Outsource,Human Resource Manager,Fresher,Good,Pune,Company Website,9.1957E+11,kimaya.bhargava@gmail.com,Postgraduate,Career Change,24/06/1985,1/7/2021,11/14/2024,11/15/2024,1
101306,Married,Female,Outsource,Machine Learning Engineer,Experienced,Good,Bengaluru,Naukri.com,9.19649E+11,ishaan.rout@gmail.com,Graduate,Still Working,11/5/1985,11/1/2024,7/1/2025,NA,9
100919,Married,Male,FullTime,Software Tester,Experienced,Good,Gurgaon,LinkedIn,9.18743E+11,ivan.sama@gmail.com,Graduate,Long Working Hours,9/3/1970,25/10/2016,3/25/2025,3/26/2025,8
106638,Married,Male,FullTime,Data Analyst,Experienced,Good,Hyderabad,Indeed,9.18138E+11,ranbir.arya@gmail.com,Postgraduate,Still Working,18/05/1966,24/08/2019,8/15/2024,NA,12
105429,Unmarried,Male,FullTime,Human Resource Manager,Experienced,Excellent,Bengaluru,Company Website,9.16093E+11,gokul.buch@gmail.com,Graduate,Still Working,28/11/1976,10/2/2022,2/10/2024,NA,3
110932,Married,Female,FullTime,Data Analyst,Fresher,Good,Hyderabad,Internshala,9.19443E+11,nehmat.dubey@gmail.com,Graduate,Long Working Hours,1/9/1977,2/3/2017,12/20/2024,12/21/2024,0
100760,Married,Male,FullTime,Data Scientist,Experienced,Good,Pune,LinkedIn,9.16869E+11,kartik.anne@gmail.com,Graduate,Long Working Hours,24/06/1993,12/4/2016,8/31/2024,9/1/2024,13
100639,Married,Female,FullTime,VP-Delivery Head,Experienced,Poor,Mumbai,LinkedIn,9.1734E+11,devansh.sahni@gmail.com,Graduate,Still Working,1/12/2000,19/11/2020,11/18/2024,NA,13
111049,Unmarried,Male,FullTime,Project Manager,Fresher,Poor,Mumbai,LinkedIn,9.16299E+11,nirvaan.sarin@gmail.com,Graduate,Long Working Hours,18/01/1965,24/05/2016,3/21/2025,3/22/2025,0
111157,Married,Female,FullTime,Delivery Manager,Experienced,Good,Bengaluru,Company Website,9.16318E+11,farhan.mani@gmail.com,Graduate,Still Working,11/4/1970,4/3/2017,10/23/2024,NA,6
100957,Married,Female,FullTime,Software Engineer,Experienced,Excellent,Bengaluru,LinkedIn,9.18223E+11,vardaniya.jain@gmail.com,Graduate,Long Working Hours,29/01/1974,12/8/2023,3/19/2025,3/20/2025,17
111083,Married,Male,Outsource,Machine Learning Engineer,Experienced,Excellent,Gurgaon,Naukri.com,9.16097E+11,fateh.deep@gmail.com,Graduate,Still Working,6/1/1988,16/05/2022,7/26/2025,NA,14
110793,Unmarried,Female,FullTime,Human Resource Manager,Experienced,Poor,Bengaluru,Employee Referral,9.19501E+11,fateh.chaudhari@gmail.com,Graduate,Long Working Hours,13/08/1991,27/01/2021,9/11/2024,9/12/2024,2
105969,Married,Female,Outsource,Quality Assurance Engineer,Experienced,Excellent,Bengaluru,Company Website,9.19507E+11,ira.setty@gmail.com,Postgraduate,Still Working,23/10/1997,13/11/2021,1/11/2024,NA,6
111235,Married,Female,FullTime,Data Scientist,Experienced,Good,Hyderabad,Naukri.com,9.16006E+11,dhruv.sandal@gmail.com,Graduate,Long Working Hours,8/5/1994,27/07/2021,9/22/2024,9/23/2024,25
101192,Unmarried,Female,FullTime,Delivery Manager,Fresher,Good,Hyderabad,Company Website,9.18913E+11,sana.sampath@gmail.com,Graduate,Long Working Hours,10/6/1988,17/09/2017,1/31/2025,2/1/2025,1
100610,Married,Female,FullTime,Delivery Manager,Experienced,Good,Mumbai,Company Website,9.18152E+11,diya.sridhar@gmail.com,Graduate,Long Working Hours,6/3/1966,11/5/2017,5/11/2024,5/12/2024,8
111209,Unmarried,Female,FullTime,Machine Learning Engineer,Fresher,Good,Gurgaon,Employee Referral,9.19168E+11,divij.ramanathan@gmail.com,Graduate,Long Working Hours,23/05/1994,30/10/2021,2/8/2025,2/9/2025,0
100350,Married,Female,FullTime,Machine Learning Engineer,Experienced,Poor,Mumbai,LinkedIn,9.18933E+11,damini.vaidya@gmail.com,Graduate,Long Working Hours,22/02/1998,3/10/2018,10/2/2025,10/3/2025,25
110652,Married,Female,FullTime,CDO,Experienced,Excellent,Pune,Naukri.com,9.17977E+11,tarini.kakar@gmail.com,Graduate,Still Working,12/5/1985,10/7/2024,4/20/2025,NA,25
101407,Married,Female,FullTime,VP-Data And AI,Experienced,Excellent,Hyderabad,Indeed,9.18622E+11,aarush.kibe@gmail.com,Graduate,Still Working,12/5/1974,3/1/2016,1/6/2025,NA,19
101389,Unmarried,Female,FullTime,Human Resource Manager,Fresher,Excellent,Gurgaon,Company Website,9.16294E+11,darshit.dewan@gmail.com,Graduate,Long Working Hours,16/02/1978,8/8/2021,11/19/2024,11/20/2024,1
111290,Married,Female,FullTime,Data Analyst,Experienced,Good,Mumbai,Naukri.com,9.19942E+11,advik.dhar@gmail.com,Graduate,Still Working,13/10/1974,31/01/2017,10/18/2024,NA,7
101037,Married,Female,FullTime,Quality Assurance Engineer,Experienced,Excellent,Mumbai,Indeed,9.19364E+11,siya.wagle@gmail.com,Graduate,Still Working,26/08/1986,25/11/2020,6/13/2025,NA,9
106436,Married,Female,FullTime,Data Scientist,Experienced,Excellent,Gurgaon,Naukri.com,9.17341E+11,dishani.chad@gmail.com,Graduate,Long Working Hours,26/12/1977,9/9/2020,1/26/2025,1/27/2025,23
105558,Married,Female,FullTime,Software Engineer,Experienced,Good,Mumbai,Internshala,9.17948E+11,eva.sankar@gmail.com,Postgraduate,Still Working,20/01/1989,13/10/2018,11/18/2024,NA,16
101331,Unmarried,Female,Outsource,Data Scientist,Fresher,Good,Mumbai,Company Website,9.16572E+11,jiya.mani@gmail.com,Graduate,Still Working,23/07/1986,23/10/2021,10/6/2025,NA,1
106599,Married,Female,FullTime,COO,Experienced,Excellent,Pune,Indeed,9.19757E+11,priyansh.deshpande@gmail.com,Graduate,Still Working,30/05/1990,23/12/2016,4/8/2025,NA,24
106697,Married,Female,FullTime,Business Analyst,Experienced,Excellent,Hyderabad,Internshala,9.16334E+11,amani.sharma@gmail.com,Postgraduate,Still Working,20/06/1993,5/4/2023,9/2/2025,NA,7
101264,Married,Female,FullTime,Software Tester,Experienced,Good,Mumbai,Internshala,9.17805E+11,zaina.sinha@gmail.com,Postgraduate,Still Working,14/03/1997,14/10/2019,6/19/2025,NA,8
105488,Married,Male,FullTime,Delivery Manager,Experienced,Good,Mumbai,Indeed,9.17284E+11,tejas.biswas@gmail.com,Postgraduate,Long Working Hours,16/03/1973,17/10/2016,11/16/2024,11/17/2024,3
111373,Married,Female,Outsource,Software Engineer,Experienced,Excellent,Hyderabad,Employee Referral,9.16814E+11,ishaan.dua@gmail.com,Graduate,Still Working,26/06/2003,25/03/2023,12/30/2024,NA,21
100398,Married,Female,Outsource,Software Engineer,Experienced,Poor,Gurgaon,LinkedIn,9.177E+11,mishti.ramakrishnan@gmail.com,Postgraduate,Long Working Hours,23/03/1987,22/11/2016,6/8/2025,6/9/2025,13
111266,Married,Female,FullTime,Quality Assurance Engineer,Experienced,Excellent,Bengaluru,Indeed,9.18932E+11,vritika.ramesh@gmail.com,Graduate,Long Working Hours,21/03/1999,8/7/2017,8/29/2024,8/30/2024,15
106608,Married,Female,FullTime,Data Engineer,Experienced,Good,Mumbai,Indeed,9.19421E+11,romil.sidhu@gmail.com,Graduate,Still Working,5/6/1994,27/05/2023,10/2/2025,NA,14
100899,Married,Female,FullTime,Data Scientist,Experienced,Good,Hyderabad,Naukri.com,9.19997E+11,aradhya.khatri@gmail.com,Postgraduate,Still Working,22/02/1989,28/01/2023,4/24/2025,NA,7
101662,Married,Female,FullTime,Marketing Analyst,Experienced,Poor,Hyderabad,Indeed,9.19188E+11,mishti.walla@gmail.com,Graduate,Long Working Hours,5/4/1965,18/11/2021,7/13/2025,7/14/2025,6
111427,Married,Male,Outsource,Business Analyst,Experienced,Excellent,Bengaluru,Internshala,9.18425E+11,nishith.kapur@gmail.com,Graduate,Long Working Hours,19/01/1984,30/01/2020,9/15/2024,9/16/2024,9
105592,Married,Female,FullTime,Delivery Manager,Experienced,Poor,Hyderabad,Internshala,9.18553E+11,mahika.bhardwaj@gmail.com,Postgraduate,Long Working Hours,18/06/1981,17/09/2022,5/3/2025,5/4/2025,15
111366,Married,Female,Outsource,Data Scientist,Experienced,Good,Bengaluru,Indeed,9.19212E+11,yasmin.bhatnagar@gmail.com,Graduate,Still Working,29/09/1980,27/04/2022,8/21/2024,NA,13
105986,Married,Female,FullTime,Data Scientist,Experienced,Good,Pune,Internshala,9.1697E+11,mishti.chad@gmail.com,Graduate,Still Working,7/2/1969,26/06/2018,3/14/2025,NA,19
110774,Unmarried,Female,Outsource,Human Resource Manager,Fresher,Excellent,Bengaluru,Company Website,9.16312E+11,ahana..sawhney@gmail.com,Postgraduate,Still Working,6/2/1992,19/06/2022,2/12/2024,NA,1
101510,Married,Female,Outsource,Business Analyst,Experienced,Good,Hyderabad,Company Website,9.16964E+11,aaryahi.yogi@gmail.com,Postgraduate,Long Working Hours,18/07/1985,16/12/2018,10/24/2024,10/25/2024,6
106109,Married,Male,FullTime,Software Engineer,Experienced,Excellent,Mumbai,Employee Referral,9.163E+11,advik.saha@gmail.com,Graduate,Long Working Hours,15/07/1975,25/09/2015,7/19/2025,7/20/2025,21
111569,Married,Male,Outsource,Data Analyst,Experienced,Excellent,Pune,LinkedIn,9.16364E+11,yuvraj.chad@gmail.com,Graduate,Long Working Hours,24/05/1974,26/07/2020,1/16/2025,1/17/2025,7
105734,Married,Male,FullTime,Software Engineer,Experienced,Excellent,Pune,Company Website,9.19402E+11,navya.bera@gmail.com,Graduate,Career Change,20/03/1973,30/10/2021,5/13/2025,5/14/2025,20
101130,Married,Female,Outsource,Machine Learning Engineer,Experienced,Excellent,Mumbai,LinkedIn,9.17282E+11,alisha.chada@gmail.com,Graduate,Still Working,29/01/1983,12/1/2019,8/4/2025,NA,20
101511,Married,Male,FullTime,Data Engineer,Experienced,Good,Pune,Company Website,9.18475E+11,shalv.balan@gmail.com,Graduate,Career Change,20/09/1999,13/03/2018,5/4/2025,5/5/2025,14
106347,Married,Male,FullTime,Data Scientist,Experienced,Excellent,Hyderabad,Naukri.com,9.17206E+11,misha.sangha@gmail.com,Graduate,Toxic Work Culture,8/2/1994,31/03/2021,9/19/2024,9/20/2024,18
110842,Married,Female,Outsource,Software Engineer,Experienced,Excellent,Hyderabad,LinkedIn,9.18244E+11,eva.yogi@gmail.com,Postgraduate,Career Change,6/2/1984,2/9/2017,5/15/2025,5/16/2025,18
106446,Unmarried,Male,FullTime,Human Resource Manager,Experienced,Excellent,Bengaluru,Employee Referral,9.19364E+11,lagan.bose@gmail.com,Graduate,Career Change,2/9/2001,30/08/2023,10/6/2025,10/7/2025,5
101635,Married,Female,Outsource,Software Engineer,Experienced,Poor,Gurgaon,Employee Referral,9.17487E+11,anahi.shukla@gmail.com,Graduate,Still Working,15/01/1974,25/09/2016,3/16/2025,NA,14
100561,Married,Female,FullTime,CSO,Experienced,Excellent,Gurgaon,Indeed,9.16717E+11,nitya.chaudhary@gmail.com,Graduate,Still Working,31/03/1991,7/2/2017,2/25/2025,NA,25
105711,Married,Female,FullTime,Business Analyst,Experienced,Good,Pune,Company Website,9.17574E+11,indrajit.bhardwaj@gmail.com,Postgraduate,Career Change,5/12/1995,14/12/2017,1/1/2025,1/2/2025,15
105923,Married,Female,FullTime,Data Analyst,Experienced,Good,Bengaluru,LinkedIn,9.16914E+11,urvi.bajwa@gmail.com,Graduate,Still Working,28/04/2003,26/09/2015,4/21/2025,NA,5
105357,Married,Female,FullTime,Data Engineer,Experienced,Good,Mumbai,Internshala,9.17289E+11,pihu.d’alia@gmail.com,Graduate,Still Working,21/02/1993,25/01/2022,7/10/2024,NA,7
100884,Married,Female,FullTime,Marketing Analyst,Experienced,Excellent,Bengaluru,LinkedIn,9.16423E+11,baiju.master@gmail.com,Graduate,Career Change,14/12/1997,22/05/2020,7/20/2025,7/21/2025,2
110481,Married,Female,FullTime,Data Engineer,Experienced,Good,Pune,LinkedIn,9.1906E+11,jhanvi.goel@gmail.com,Postgraduate,Still Working,10/8/1979,12/6/2024,5/28/2025,NA,15
106483,Married,Male,Outsource,Data Analyst,Experienced,Good,Mumbai,Internshala,9.17124E+11,shlok.varma@gmail.com,Graduate,Career Change,25/05/1997,8/6/2018,5/20/2025,5/21/2025,11
111591,Married,Female,FullTime,Quality Analyst,Experienced,Excellent,Hyderabad,Company Website,9.19294E+11,diya.bhargava@gmail.com,Graduate,Still Working,7/9/1991,14/10/2017,1/31/2025,NA,6
100906,Unmarried,Male,FullTime,Project Manager,Fresher,Excellent,Gurgaon,Employee Referral,9.18416E+11,madhup.brar@gmail.com,Graduate,Still Working,17/05/1990,7/5/2024,8/17/2024,NA,1
111326,Married,Female,Outsource,Data Analyst,Experienced,Excellent,Pune,Indeed,9.16326E+11,ishita.sekhon@gmail.com,Postgraduate,Toxic Work Culture,7/3/1989,3/3/2019,1/8/2025,1/9/2025,15
106294,Married,Female,FullTime,Data Scientist,Experienced,Good,Gurgaon,Internshala,9.19671E+11,kismat.tara@gmail.com,Graduate,Toxic Work Culture,2/5/2003,25/11/2022,1/24/2025,1/25/2025,12
106605,Married,Female,FullTime,Software Engineer,Experienced,Excellent,Pune,Employee Referral,9.16568E+11,zain.de@gmail.com,Graduate,Still Working,24/03/1981,20/12/2020,7/7/2025,NA,25
100801,Unmarried,Female,FullTime,Data Scientist,Fresher,Good,Hyderabad,Naukri.com,9.16595E+11,jivika.jain@gmail.com,Graduate,Still Working,2/3/1971,29/12/2015,6/24/2025,NA,0
101422,Married,Female,FullTime,Software Engineer,Experienced,Good,Gurgaon,LinkedIn,9.1881E+11,nirvi.dara@gmail.com,Postgraduate,Toxic Work Culture,30/11/1986,18/04/2016,8/23/2024,8/24/2024,20
110471,Married,Female,Outsource,Project Manager,Experienced,Good,Bengaluru,Company Website,9.16467E+11,zoya.bajwa@gmail.com,Graduate,Still Working,1/2/1979,3/3/2020,11/13/2024,NA,13
100326,Married,Female,FullTime,Machine Learning Engineer,Experienced,Good,Gurgaon,LinkedIn,9.18174E+11,onkar.magar@gmail.com,Graduate,Still Working,13/08/1972,2/4/2023,11/22/2024,NA,14
110665,Married,Female,FullTime,VP-Human Resource,Experienced,Excellent,Pune,Indeed,9.17815E+11,rasha.ramakrishnan@gmail.com,Graduate,Still Working,6/9/1964,13/07/2018,12/25/2024,NA,20
105902,Married,Female,FullTime,Machine Learning Engineer,Experienced,Excellent,Bengaluru,Indeed,9.19587E+11,yakshit.balasubramanian@gmail.com,Graduate,Toxic Work Culture,31/05/1997,5/7/2016,11/10/2024,11/11/2024,23
111703,Married,Female,FullTime,Data Scientist,Experienced,Excellent,Pune,LinkedIn,9.19794E+11,ela.shukla@gmail.com,Graduate,Toxic Work Culture,5/7/1977,2/7/2020,2/26/2025,2/27/2025,16
101100,Married,Male,FullTime,Machine Learning Engineer,Experienced,Excellent,Mumbai,Employee Referral,9.19662E+11,riaan.kibe@gmail.com,Graduate,Still Working,4/9/1982,23/01/2022,4/28/2025,NA,15
100468,Married,Female,Outsource,Intern,Experienced,Good,Gurgaon,Indeed,9.19539E+11,kiara.contractor@gmail.com,Graduate,Still Working,6/3/1986,9/7/2023,2/11/2024,NA,0
110703,Married,Female,Outsource,Marketing Analyst,Experienced,Excellent,Mumbai,Naukri.com,9.16315E+11,dhanush.majumdar@gmail.com,Graduate,Still Working,21/10/1987,24/08/2021,11/24/2024,NA,4
106494,Married,Male,Outsource,Human Resource Manager,Experienced,Excellent,Bengaluru,Internshala,9.18072E+11,jayant.anand@gmail.com,Graduate,Career Change,4/10/1974,3/12/2015,1/1/2025,1/2/2025,14
110380,Unmarried,Male,FullTime,Delivery Manager,Experienced,Good,Gurgaon,Employee Referral,9.17052E+11,farhan.chander@gmail.com,Graduate,Career Change,15/10/1971,27/07/2022,12/24/2024,12/25/2024,2
111198,Married,Female,FullTime,Software Engineer,Experienced,Excellent,Pune,Naukri.com,9.19387E+11,vritika.chakraborty@gmail.com,Graduate,Toxic Work Culture,29/04/1978,31/03/2016,2/17/2025,2/18/2025,21
101652,Married,Male,FullTime,Software Engineer,Experienced,Excellent,Bengaluru,Internshala,9.19213E+11,hazel.soman@gmail.com,Graduate,Still Working,13/04/1984,24/10/2022,1/27/2025,NA,13
110461,Married,Female,FullTime,Data Scientist,Experienced,Excellent,Pune,Company Website,9.18813E+11,diya.thaker@gmail.com,Graduate,Toxic Work Culture,20/01/1983,1/3/2016,2/25/2025,2/26/2025,21
111276,Unmarried,Male,FullTime,Machine Learning Engineer,Experienced,Excellent,Mumbai,Naukri.com,9.16441E+11,yakshit.gade@gmail.com,Postgraduate,Still Working,11/10/1978,24/11/2019,7/3/2025,NA,3
111220,Married,Male,FullTime,Data Scientist,Experienced,Excellent,Hyderabad,Company Website,9.16859E+11,badal.bassi@gmail.com,Graduate,Still Working,4/4/1993,15/06/2022,5/4/2025,NA,18
110580,Married,Female,FullTime,Business Analyst,Experienced,Excellent,Hyderabad,Employee Referral,9.16948E+11,arnav.chopra@gmail.com,Graduate,Still Working,29/08/1984,22/01/2016,5/23/2025,NA,6
111584,Unmarried,Female,Outsource,Quality Assurance Engineer,Fresher,Good,Pune,Company Website,9.17954E+11,bhavin.taneja@gmail.com,Graduate,Still Working,28/09/1969,11/5/2018,1/2/2025,NA,1
101154,Married,Female,FullTime,Software Engineer,Experienced,Good,Mumbai,Naukri.com,9.171E+11,prisha.walia@gmail.com,Graduate,Still Working,25/04/2001,9/2/2018,9/5/2025,NA,15
101274,Married,Male,FullTime,Product Manager,Experienced,Excellent,Mumbai,Company Website,9.17392E+11,taimur.chawla@gmail.com,Graduate,Still Working,27/11/1967,9/10/2023,4/21/2025,NA,13
101647,Unmarried,Male,Outsource,Quality Assurance Engineer,Fresher,Excellent,Pune,Company Website,9.18853E+11,parinaaz.dey@gmail.com,Postgraduate,Still Working,29/01/1973,10/9/2023,11/19/2024,NA,1
100762,Married,Female,FullTime,Product Manager,Experienced,Good,Pune,LinkedIn,9.17029E+11,anay.dhingra@gmail.com,Graduate,Career Change,12/7/1968,19/06/2018,9/5/2025,9/6/2025,10
101345,Married,Male,FullTime,Machine Learning Engineer,Experienced,Good,Bengaluru,Employee Referral,9.19794E+11,rasha.saxena@gmail.com,Graduate,Still Working,25/10/1965,3/11/2015,2/19/2025,NA,23
105323,Married,Female,FullTime,Data Scientist,Experienced,Good,Gurgaon,Internshala,9.17561E+11,anahi.bhat@gmail.com,Graduate,Still Working,24/04/1996,10/4/2024,1/24/2025,NA,24
110858,Married,Female,FullTime,Software Engineer,Fresher,Good,Gurgaon,Indeed,9.17446E+11,ela.mandal@gmail.com,Postgraduate,Still Working,12/2/1992,21/09/2015,12/11/2024,NA,0
111318,Married,Male,Outsource,Data Scientist,Experienced,Good,Mumbai,LinkedIn,9.17023E+11,devansh.bala@gmail.com,Postgraduate,Still Working,17/07/1967,12/7/2021,2/7/2025,NA,16
106017,Married,Male,FullTime,Machine Learning Engineer,Experienced,Good,Bengaluru,LinkedIn,9.16639E+11,vidur.som@gmail.com,Graduate,Still Working,4/7/1968,13/06/2021,12/4/2025,NA,23
106687,Married,Female,FullTime,Marketing Analyst,Experienced,Good,Pune,Indeed,9.16448E+11,tanya.grewal@gmail.com,Postgraduate,Still Working,9/5/1987,31/07/2016,5/29/2025,NA,14
106013,Married,Female,Outsource,Quality Analyst,Experienced,Good,Bengaluru,Company Website,9.16994E+11,abram.toor@gmail.com,Postgraduate,Still Working,2/10/2001,17/08/2023,1/22/2025,NA,14
106314,Married,Female,Outsource,Product Manager,Experienced,Good,Hyderabad,Company Website,9.17169E+11,kavya.taneja@gmail.com,Postgraduate,Toxic Work Culture,23/07/1999,2/11/2018,3/31/2025,4/1/2025,14
105458,Married,Female,FullTime,Product Manager,Experienced,Good,Hyderabad,Employee Referral,9.16139E+11,tarini.shenoy@gmail.com,Graduate,Still Working,8/8/1983,20/05/2020,5/20/2025,NA,9
110836,Married,Male,FullTime,Machine Learning Engineer,Fresher,Good,Hyderabad,Indeed,9.16783E+11,hridaan.kibe@gmail.com,Graduate,Career Change,28/01/1978,15/10/2019,6/28/2025,6/29/2025,1
110980,Married,Female,FullTime,Data Analyst,Experienced,Good,Gurgaon,Naukri.com,9.16688E+11,alia.jha@gmail.com,Graduate,Toxic Work Culture,20/04/1967,2/7/2020,11/22/2024,11/23/2024,14
106008,Unmarried,Female,Outsource,Machine Learning Engineer,Fresher,Good,Pune,Naukri.com,9.1832E+11,aarush.bhandari@gmail.com,Graduate,Still Working,28/11/1998,16/07/2021,2/27/2025,NA,0
105441,Unmarried,Female,FullTime,Delivery Manager,Experienced,Good,Gurgaon,Naukri.com,9.17083E+11,neelofar.kala@gmail.com,Graduate,Toxic Work Culture,3/12/1992,28/06/2019,2/8/2025,2/9/2025,2
101666,Married,Female,FullTime,Software Engineer,Experienced,Excellent,Mumbai,Employee Referral,9.19199E+11,faiyaz.agate@gmail.com,Postgraduate,Career Change,12/2/1972,26/09/2022,10/20/2024,10/21/2024,4
105754,Married,Female,FullTime,CTO,Experienced,Good,Hyderabad,Indeed,9.17728E+11,bhamini.kala@gmail.com,Graduate,Still Working,26/10/1965,19/07/2023,7/1/2025,NA,25
100874,Married,Female,FullTime,Data Scientist,Experienced,Good,Bengaluru,Company Website,9.16315E+11,anika.tandon@gmail.com,Postgraduate,Career Change,25/05/1978,31/03/2017,8/26/2024,8/27/2024,14
101560,Married,Female,FullTime,Software Tester,Experienced,Excellent,Gurgaon,Company Website,9.19256E+11,vihaan.shan@gmail.com,Graduate,Career Change,19/01/1975,6/10/2017,7/12/2024,7/13/2024,3
100869,Married,Female,FullTime,Data Engineer,Experienced,Excellent,Hyderabad,Company Website,9.16198E+11,oorja.vig@gmail.com,Graduate,Toxic Work Culture,29/01/1991,5/11/2015,2/21/2025,2/22/2025,7
105997,Married,Female,FullTime,Data Scientist,Experienced,Good,Mumbai,LinkedIn,9.1925E+11,krish.kale@gmail.com,Graduate,Career Change,28/09/1996,11/4/2024,6/30/2025,7/1/2025,17
101005,Married,Female,Outsource,Data Engineer,Experienced,Good,Mumbai,Internshala,9.19321E+11,samar.deshmukh@gmail.com,Graduate,Toxic Work Culture,27/11/1995,2/1/2020,7/20/2025,7/21/2025,12
110876,Unmarried,Male,FullTime,Intern,Experienced,Excellent,Gurgaon,Indeed,9.17638E+11,bhavin.batra@gmail.com,Graduate,Toxic Work Culture,14/10/1974,7/10/2023,11/17/2024,11/18/2024,5
100520,Married,Female,FullTime,Product Manager,Experienced,Good,Hyderabad,LinkedIn,9.16385E+11,tara.gandhi@gmail.com,Graduate,Career Change,9/8/1965,30/01/2016,3/26/2025,3/27/2025,20
105889,Married,Female,FullTime,Business Analyst,Experienced,Poor,Gurgaon,Internshala,9.16392E+11,jayan.issac@gmail.com,Graduate,Still Working,5/10/1967,7/6/2020,8/24/2024,NA,10
100620,Married,Female,FullTime,Data Scientist,Experienced,Excellent,Gurgaon,LinkedIn,9.18298E+11,lavanya.batta@gmail.com,Postgraduate,Long Working Hours,17/02/1991,8/9/2019,12/16/2024,12/17/2024,12
106555,Unmarried,Female,FullTime,Data Analyst,Fresher,Good,Bengaluru,Naukri.com,9.17594E+11,ishita.sanghvi@gmail.com,Postgraduate,Toxic Work Culture,11/1/1995,1/1/2016,8/22/2024,8/23/2024,0
106392,Married,Female,FullTime,Data Scientist,Experienced,Excellent,Hyderabad,LinkedIn,9.18905E+11,vaibhav.vora@gmail.com,Graduate,Long Working Hours,27/02/1973,29/12/2020,4/27/2025,4/28/2025,12
106285,Married,Female,FullTime,Data Analyst,Experienced,Good,Mumbai,LinkedIn,9.17436E+11,ranbir.mannan@gmail.com,Graduate,Still Working,31/12/1988,8/5/2017,4/14/2025,NA,13
110412,Married,Male,FullTime,Delivery Manager,Experienced,Good,Pune,Internshala,9.19497E+11,taran.bajwa@gmail.com,Graduate,Still Working,15/06/1998,20/11/2023,11/12/2024,NA,14
100799,Married,Female,FullTime,Data Scientist,Experienced,Good,Pune,Indeed,9.17858E+11,charvi.gara@gmail.com,Postgraduate,Still Working,23/02/1982,17/10/2020,5/23/2025,NA,14
106480,Married,Female,FullTime,Software Tester,Experienced,Excellent,Mumbai,Company Website,9.17807E+11,vritika.bahri@gmail.com,Graduate,Still Working,3/6/1991,13/09/2023,4/18/2025,NA,2
106383,Married,Male,FullTime,Product Manager,Experienced,Excellent,Pune,Naukri.com,9.16292E+11,madhup.d’alia@gmail.com,Graduate,Still Working,17/10/1987,25/03/2022,6/20/2025,NA,15
105808,Unmarried,Female,Outsource,Quality Analyst,Fresher,Poor,Gurgaon,LinkedIn,9.16903E+11,tara.varughese@gmail.com,Postgraduate,Long Working Hours,28/08/1986,6/4/2022,12/31/2024,1/1/2025,0
100815,Unmarried,Female,FullTime,Delivery Manager,Experienced,Good,Hyderabad,Naukri.com,9.1947E+11,pihu.comar@gmail.com,Postgraduate,Long Working Hours,25/08/1990,14/09/2023,9/14/2024,9/15/2024,3
100692,Married,Female,FullTime,Data Engineer,Experienced,Good,Bengaluru,Employee Referral,9.1647E+11,mahika.dhillon@gmail.com,Graduate,Long Working Hours,22/08/1974,19/07/2016,1/6/2025,1/7/2025,12
111356,Married,Female,FullTime,Machine Learning Engineer,Experienced,Excellent,Bengaluru,Company Website,9.182E+11,ehsaan.keer@gmail.com,Graduate,Still Working,17/06/1985,18/11/2021,9/27/2024,NA,15
110833,Married,Female,FullTime,Data Scientist,Experienced,Good,Bengaluru,Indeed,9.16886E+11,rania.subramanian@gmail.com,Graduate,Toxic Work Culture,15/07/1976,4/11/2019,1/6/2025,1/7/2025,25
106621,Unmarried,Male,FullTime,Project Manager,Fresher,Good,Hyderabad,Indeed,9.1889E+11,gatik.barad@gmail.com,Postgraduate,Still Working,26/10/1992,31/10/2019,10/2/2025,NA,0
101147,Married,Female,FullTime,Machine Learning Engineer,Experienced,Good,Mumbai,Company Website,9.18259E+11,dharmajan.ram@gmail.com,Postgraduate,Long Working Hours,25/10/2001,20/11/2017,1/28/2025,1/29/2025,19
105401,Married,Female,FullTime,Data Analyst,Experienced,Excellent,Pune,Naukri.com,9.18696E+11,amani.soman@gmail.com,Graduate,Long Working Hours,4/1/1979,15/04/2017,8/30/2024,8/31/2024,8
101615,Married,Male,FullTime,Software Engineer,Experienced,Good,Bengaluru,LinkedIn,9.1822E+11,vidur.barman@gmail.com,Graduate,Long Working Hours,28/04/1974,19/09/2021,7/27/2025,7/28/2025,13
105685,Married,Female,FullTime,Intern,Experienced,Poor,Hyderabad,Company Website,9.16909E+11,alisha.kala@gmail.com,Postgraduate,Long Working Hours,4/2/2003,12/4/2018,1/27/2025,1/28/2025,0
101499,Married,Female,Outsource,Product Manager,Experienced,Excellent,Gurgaon,Naukri.com,9.16365E+11,anaya.varty@gmail.com,Graduate,Still Working,3/5/1985,22/11/2022,2/20/2025,NA,19
101434,Unmarried,Female,Outsource,Product Manager,Fresher,Excellent,Pune,Company Website,9.18475E+11,ela.chakraborty@gmail.com,Postgraduate,Still Working,17/02/1978,11/5/2022,5/1/2025,NA,0
110746,Married,Female,FullTime,Project Manager,Fresher,Good,Gurgaon,Internshala,9.17468E+11,zeeshan.contractor@gmail.com,Postgraduate,Long Working Hours,16/03/1980,9/8/2023,10/23/2024,10/24/2024,0
101401,Married,Female,FullTime,Data Analyst,Experienced,Good,Bengaluru,Naukri.com,9.1807E+11,saira.balay@gmail.com,Graduate,Long Working Hours,8/12/1983,16/05/2023,4/25/2025,4/26/2025,19
110590,Married,Female,Outsource,Product Manager,Experienced,Good,Mumbai,Internshala,9.18975E+11,neysa.dara@gmail.com,Graduate,Long Working Hours,7/1/1989,26/11/2016,8/15/2024,8/16/2024,17
106673,Married,Female,FullTime,Data Analyst,Experienced,Good,Bengaluru,LinkedIn,9.18608E+11,neysa.sundaram@gmail.com,Graduate,Long Working Hours,11/7/1971,21/10/2023,5/10/2024,5/11/2024,11
110450,Married,Female,FullTime,Software Engineer,Experienced,Good,Pune,Internshala,9.19577E+11,tara.date@gmail.com,Postgraduate,Still Working,5/5/1968,23/02/2022,11/8/2025,NA,4
100709,Married,Female,FullTime,Data Scientist,Experienced,Good,Gurgaon,Naukri.com,9.19452E+11,baiju.dubey@gmail.com,Graduate,Long Working Hours,20/05/1991,4/4/2018,5/2/2025,5/3/2025,9
111486,Unmarried,Male,FullTime,Human Resource Manager,Experienced,Good,Hyderabad,Indeed,9.19487E+11,mohanlal.jha@gmail.com,Graduate,Still Working,16/08/1986,5/4/2022,2/14/2025,NA,5
106069,Married,Female,Outsource,Software Engineer,Experienced,Good,Bengaluru,Internshala,9.1638E+11,damini.reddy@gmail.com,Postgraduate,Still Working,5/12/1996,11/12/2019,7/8/2025,NA,21
105293,Married,Female,FullTime,Quality Assurance Engineer,Experienced,Excellent,Mumbai,Naukri.com,9.17716E+11,alisha.agate@gmail.com,Graduate,Long Working Hours,8/11/1969,9/6/2020,10/4/2025,10/5/2025,11
106467,Married,Female,FullTime,Delivery Manager,Experienced,Good,Bengaluru,LinkedIn,9.18674E+11,miraan.sha@gmail.com,Graduate,Still Working,6/5/1981,23/01/2016,5/31/2025,NA,13
110725,Married,Female,FullTime,Data Scientist,Experienced,Excellent,Pune,Indeed,9.17587E+11,charvi.kulkarni@gmail.com,Graduate,Still Working,12/8/1978,9/1/2018,5/10/2024,NA,14
101023,Unmarried,Male,FullTime,Delivery Manager,Experienced,Good,Gurgaon,Naukri.com,9.1934E+11,ishaan.kala@gmail.com,Graduate,Long Working Hours,16/05/1970,14/12/2019,2/2/2025,2/3/2025,4
100317,Married,Female,FullTime,Machine Learning Engineer,Experienced,Excellent,Gurgaon,Indeed,9.1889E+11,mannat.bhalla@gmail.com,Postgraduate,Still Working,2/10/1983,12/9/2017,7/28/2025,NA,23
105736,Married,Female,FullTime,Business Analyst,Experienced,Good,Hyderabad,Employee Referral,9.18236E+11,drishya.ray@gmail.com,Graduate,Still Working,6/8/1994,11/1/2024,6/21/2025,NA,6
100526,Married,Male,FullTime,Product Manager,Experienced,Good,Bengaluru,Naukri.com,9.18603E+11,azad.shukla@gmail.com,Postgraduate,Long Working Hours,7/12/1966,17/04/2017,3/14/2025,3/15/2025,20
100338,Married,Male,FullTime,Project Manager,Experienced,Good,Mumbai,Internshala,9.16598E+11,vidur.kala@gmail.com,Postgraduate,Still Working,15/12/1993,1/6/2018,4/17/2025,NA,7
105951,Married,Female,FullTime,Intern,Experienced,Good,Pune,Company Website,9.16079E+11,lakshay.loke@gmail.com,Graduate,Still Working,29/07/1978,15/08/2017,10/24/2024,NA,0
100282,Unmarried,Male,FullTime,Software Engineer,Experienced,Good,Pune,Internshala,9.17772E+11,uthkarsh.kala@gmail.com,Graduate,Still Working,6/7/1982,11/3/2016,4/24/2025,NA,2
105296,Married,Female,Outsource,Product Manager,Experienced,Good,Pune,Employee Referral,9.19786E+11,lakshit.deo@gmail.com,Postgraduate,Long Working Hours,18/10/1966,17/04/2018,2/12/2024,2/13/2024,14
101058,Married,Female,Outsource,Marketing Analyst,Experienced,Good,Gurgaon,LinkedIn,9.18264E+11,nitya.kari@gmail.com,Postgraduate,Long Working Hours,10/6/2003,16/10/2018,12/13/2024,12/14/2024,6
111572,Married,Female,Outsource,Intern,Experienced,Excellent,Gurgaon,Employee Referral,9.1653E+11,nishith.mangat@gmail.com,Graduate,Still Working,24/02/1968,11/5/2022,3/8/2025,NA,0
105574,Unmarried,Male,FullTime,Data Engineer,Fresher,Good,Pune,Indeed,9.19174E+11,farhan.johal@gmail.com,Graduate,Still Working,22/02/1976,2/11/2020,1/18/2025,NA,1
110865,Married,Female,FullTime,Software Engineer,Experienced,Good,Mumbai,Indeed,9.17185E+11,jayan.batra@gmail.com,Graduate,Long Working Hours,11/9/1975,27/06/2022,7/9/2024,7/10/2024,11
100667,Unmarried,Female,FullTime,Quality Assurance Engineer,Experienced,Good,Mumbai,Employee Referral,9.18749E+11,rania.kashyap@gmail.com,Graduate,Long Working Hours,3/2/1981,3/4/2019,3/19/2025,3/20/2025,2
101043,Unmarried,Male,FullTime,Business Analyst,Experienced,Excellent,Mumbai,Indeed,9.18393E+11,azad.ramachandran@gmail.com,Postgraduate,Long Working Hours,10/7/1979,30/06/2022,3/28/2025,3/29/2025,4
101525,Married,Male,Outsource,Human Resource Manager,Experienced,Poor,Gurgaon,Internshala,9.17123E+11,yuvraj..handa@gmail.com,Graduate,Still Working,14/01/1981,4/7/2020,5/1/2025,NA,6
110658,Married,Male,FullTime,Data Scientist,Experienced,Good,Bengaluru,Indeed,9.16863E+11,manikya.sarma@gmail.com,Postgraduate,Long Working Hours,27/12/1968,7/11/2023,7/26/2025,7/27/2025,20
100353,Married,Male,FullTime,Data Scientist,Experienced,Good,Pune,Indeed,9.1607E+11,hansh.sandhu@gmail.com,Graduate,Still Working,11/4/1974,7/1/2021,7/16/2025,NA,17
101543,Married,Female,FullTime,Software Engineer,Experienced,Good,Mumbai,LinkedIn,9.17903E+11,advika.iyer@gmail.com,Postgraduate,Still Working,16/02/2002,30/12/2022,7/3/2025,NA,18
106547,Unmarried,Male,FullTime,Marketing Analyst,Experienced,Good,Mumbai,Employee Referral,9.16368E+11,amira.walla@gmail.com,Postgraduate,Still Working,16/04/1986,8/9/2019,5/2/2025,NA,5
106093,Married,Female,Outsource,Data Scientist,Experienced,Excellent,Hyderabad,Internshala,9.18648E+11,divit.sampath@gmail.com,Graduate,Still Working,6/2/2003,4/12/2020,2/14/2025,NA,11
111299,Married,Female,FullTime,Data Analyst,Experienced,Good,Mumbai,Naukri.com,9.16956E+11,riya.chada@gmail.com,Graduate,Toxic Work Culture,19/06/1974,7/9/2015,4/11/2024,4/12/2024,13
111643,Unmarried,Female,FullTime,Machine Learning Engineer,Experienced,Poor,Pune,Internshala,9.19786E+11,shanaya.malhotra@gmail.com,Graduate,Long Working Hours,28/01/1995,27/06/2017,1/17/2025,1/18/2025,2
111176,Unmarried,Female,Outsource,Data Scientist,Experienced,Poor,Gurgaon,Internshala,9.19174E+11,shayak.zacharia@gmail.com,Postgraduate,Long Working Hours,10/3/1994,11/1/2016,10/12/2024,10/13/2024,2
106363,Unmarried,Female,FullTime,Delivery Manager,Experienced,Good,Bengaluru,Indeed,9.19301E+11,aarush.zachariah@gmail.com,Postgraduate,Still Working,31/01/1998,14/03/2024,8/5/2025,NA,3
100583,Married,Female,FullTime,Machine Learning Engineer,Experienced,Excellent,Bengaluru,Internshala,9.18778E+11,prerak.chana@gmail.com,Postgraduate,Long Working Hours,27/12/1969,3/2/2018,4/17/2025,4/18/2025,24
101135,Married,Female,FullTime,Human Resource Manager,Experienced,Poor,Hyderabad,Indeed,9.19668E+11,jhanvi.bumb@gmail.com,Graduate,Still Working,23/05/1996,30/05/2020,9/7/2025,NA,7
100821,Married,Female,FullTime,Software Tester,Experienced,Good,Mumbai,Employee Referral,9.17357E+11,ishaan.deo@gmail.com,Graduate,Still Working,10/9/1977,18/06/2016,12/18/2024,NA,6
101114,Married,Female,FullTime,Product Manager,Experienced,Good,Bengaluru,Company Website,9.17466E+11,saira.ravel@gmail.com,Postgraduate,Long Working Hours,15/04/1976,21/12/2021,10/29/2024,10/30/2024,21
106442,Married,Female,FullTime,Data Scientist,Experienced,Excellent,Bengaluru,Internshala,9.17017E+11,akarsh.dara@gmail.com,Graduate,Still Working,26/10/1967,15/12/2022,11/21/2024,NA,19
106459,Unmarried,Female,FullTime,Software Engineer,Experienced,Good,Gurgaon,Company Website,9.18529E+11,khushi.jha@gmail.com,Graduate,Still Working,10/6/1974,23/09/2020,9/26/2024,NA,2
106166,Married,Female,FullTime,Data Analyst,Experienced,Excellent,Bengaluru,Indeed,9.18154E+11,aarush.ram@gmail.com,Postgraduate,Still Working,1/9/1984,19/10/2018,6/6/2025,NA,4
110277,Married,Male,FullTime,Business Analyst,Experienced,Excellent,Bengaluru,Company Website,9.19054E+11,nitya.wali@gmail.com,Postgraduate,Toxic Work Culture,24/09/1982,14/05/2019,5/10/2024,5/11/2024,15
106590,Married,Male,FullTime,Software Engineer,Experienced,Excellent,Gurgaon,Employee Referral,9.16088E+11,piya.srivastava@gmail.com,Graduate,Still Working,12/3/1985,23/02/2019,10/29/2024,NA,16
105963,Married,Male,FullTime,Product Manager,Experienced,Good,Gurgaon,Naukri.com,9.17725E+11,jivin.dhaliwal@gmail.com,Postgraduate,Toxic Work Culture,8/5/1994,25/08/2019,10/13/2024,10/14/2024,15
111680,Unmarried,Male,FullTime,Data Analyst,Experienced,Excellent,Bengaluru,Naukri.com,9.17671E+11,aaryahi.biswas@gmail.com,Postgraduate,Toxic Work Culture,19/01/1995,19/05/2016,1/16/2025,1/17/2025,2
111336,Married,Male,FullTime,Data Scientist,Experienced,Poor,Hyderabad,Naukri.com,9.18651E+11,aradhya.agate@gmail.com,Postgraduate,Still Working,15/08/1993,29/10/2017,10/10/2024,NA,17
110287,Married,Female,FullTime,Software Engineer,Experienced,Excellent,Gurgaon,Employee Referral,9.17862E+11,nayantara.viswanathan@gmail.com,Graduate,Still Working,27/10/1991,28/07/2016,4/30/2025,NA,12
100973,Married,Female,FullTime,Data Scientist,Experienced,Good,Mumbai,LinkedIn,9.19795E+11,ojas.dasgupta@gmail.com,Graduate,Still Working,5/11/1977,25/10/2019,11/3/2025,NA,23
106029,Married,Female,FullTime,Software Tester,Experienced,Excellent,Hyderabad,Company Website,9.17774E+11,hunar.chandran@gmail.com,Graduate,Toxic Work Culture,25/02/1979,4/8/2021,12/18/2024,12/19/2024,10
100950,Married,Female,FullTime,Data Scientist,Experienced,Excellent,Bengaluru,Company Website,9.17923E+11,saksham.chandra@gmail.com,Graduate,Still Working,4/1/1983,7/8/2020,10/11/2024,NA,20
110492,Married,Female,FullTime,Machine Learning Engineer,Experienced,Good,Bengaluru,LinkedIn,9.17767E+11,pihu.shere@gmail.com,Graduate,Still Working,2/9/1966,13/05/2024,11/23/2024,NA,10
111104,Married,Male,FullTime,Business Analyst,Experienced,Good,Pune,LinkedIn,9.19012E+11,badal.anand@gmail.com,Graduate,Long Working Hours,26/05/1967,25/08/2017,10/7/2025,10/8/2025,16
100718,Married,Female,FullTime,Software Tester,Experienced,Excellent,Mumbai,Naukri.com,9.18368E+11,yuvraj..kakar@gmail.com,Postgraduate,Still Working,25/09/1989,15/06/2016,10/15/2024,NA,7
106225,Married,Male,FullTime,Data Scientist,Experienced,Excellent,Gurgaon,Naukri.com,9.1653E+11,chirag.jayaraman@gmail.com,Graduate,Toxic Work Culture,6/4/1990,27/09/2018,6/19/2025,6/20/2025,20
106518,Married,Male,FullTime,Product Manager,Experienced,Good,Mumbai,Employee Referral,9.17756E+11,kashvi.basak@gmail.com,Postgraduate,Toxic Work Culture,28/04/2002,15/06/2023,7/23/2025,7/24/2025,12
106073,Married,Male,FullTime,Quality Analyst,Experienced,Excellent,Bengaluru,Indeed,9.19194E+11,shamik.sehgal@gmail.com,Postgraduate,Still Working,16/01/1983,30/01/2018,5/23/2025,NA,9
100331,Married,Male,FullTime,Business Analyst,Experienced,Good,Hyderabad,LinkedIn,9.17842E+11,siya.chanda@gmail.com,Graduate,Toxic Work Culture,28/10/1988,22/11/2018,3/11/2024,3/12/2024,7
106257,Married,Female,FullTime,Data Scientist,Experienced,Good,Bengaluru,Employee Referral,9.18019E+11,madhav.srinivas@gmail.com,Graduate,Still Working,22/12/1981,7/5/2020,2/12/2024,NA,22
111378,Married,Female,FullTime,Marketing Analyst,Experienced,Good,Hyderabad,Naukri.com,9.18018E+11,heer.balan@gmail.com,Graduate,Still Working,21/03/1967,20/02/2024,11/17/2024,NA,8
100628,Married,Male,FullTime,Quality Analyst,Experienced,Excellent,Pune,Naukri.com,9.18489E+11,dhruv.ravel@gmail.com,Graduate,Still Working,26/01/1993,2/5/2023,9/8/2025,NA,9
106034,Married,Female,FullTime,Data Analyst,Experienced,Good,Bengaluru,Naukri.com,9.18237E+11,gokul.khare@gmail.com,Graduate,Still Working,18/05/1967,16/11/2018,9/14/2024,NA,13
106254,Married,Female,FullTime,Business Analyst,Experienced,Good,Bengaluru,Internshala,9.18719E+11,faiyaz.deshmukh@gmail.com,Graduate,Toxic Work Culture,2/1/1994,1/5/2016,2/5/2025,2/6/2025,20
110433,Married,Female,FullTime,Software Tester,Experienced,Excellent,Mumbai,Indeed,9.19238E+11,damini.kunda@gmail.com,Graduate,Toxic Work Culture,30/09/2000,4/2/2022,3/18/2025,3/19/2025,9
110744,Married,Male,FullTime,Data Scientist,Experienced,Good,Bengaluru,Internshala,9.16694E+11,tiya.reddy@gmail.com,Graduate,Still Working,20/12/1986,30/07/2017,12/30/2024,NA,17
106214,Married,Male,FullTime,Business Analyst,Experienced,Good,Bengaluru,Internshala,9.19237E+11,aaina.toor@gmail.com,Graduate,Toxic Work Culture,17/04/1969,4/1/2019,6/28/2025,6/29/2025,14
